"","No. samples","Prop.of samples","Prop. of target length"
"6995",239,0.602,0.894
"4757",308,0.776,0.557
"6933",331,0.834,0.871
"5038",318,0.801,0.859
"6110",333,0.839,0.928
"6016",387,0.975,0.919
"5489",328,0.826,0.72
"6620",335,0.844,0.789
"5200",339,0.854,0.91
"6780",341,0.859,0.88
"4889",275,0.693,0.686
"5366",341,0.859,0.887
"7602",336,0.846,0.815
"5404",336,0.846,0.891
"6072",315,0.793,0.806
"5578",323,0.814,0.91
"6738",322,0.811,0.89
"6978",337,0.849,0.881
"6946",272,0.685,0.762
"5670",383,0.965,0.765
"7371",233,0.587,0.806
"6376",337,0.849,0.91
"5921",393,0.99,0.849
"5816",339,0.854,0.814
"5168",324,0.816,0.898
"6384",283,0.713,0.687
"6532",337,0.849,0.883
"6393",333,0.839,0.835
"5502",330,0.831,0.85
"5318",333,0.839,0.822
"5177",278,0.7,0.863
"5348",308,0.776,0.881
"6848",331,0.834,0.821
"7141",336,0.846,0.921
"6420",345,0.869,0.882
"5664",341,0.859,0.847
"5770",338,0.851,0.88
"6148",327,0.824,0.952
"6176",382,0.962,0.853
"5260",12,0.03,0.516
"4932",387,0.975,0.953
"6389",17,0.043,0.389
"6992",330,0.831,0.875
"5280",345,0.869,0.914
"6412",312,0.786,0.912
"5614",349,0.879,0.896
"7174",311,0.783,0.635
"4471",337,0.849,0.821
"6406",323,0.814,0.776
"7136",329,0.829,0.948
"5206",343,0.864,0.86
"5064",210,0.529,0.797
"6498",295,0.743,0.981
"5131",330,0.831,0.881
"6450",385,0.97,0.897
"4691",336,0.846,0.932
"5104",306,0.771,0.78
"6432",251,0.632,0.737
"5138",376,0.947,0.846
"6459",324,0.816,0.841
"5702",344,0.866,0.88
"6914",329,0.829,0.897
"5599",387,0.975,0.906
"6487",385,0.97,0.866
"5273",344,0.866,0.801
"6299",281,0.708,0.887
"5960",340,0.856,0.855
"5913",347,0.874,0.89
"7067",318,0.801,0.91
"6979",346,0.872,0.947
"4744",269,0.678,0.78
"5339",293,0.738,0.713
"6048",291,0.733,0.698
"7279",344,0.866,0.866
"7324",342,0.861,0.963
"5870",344,0.866,0.837
"6387",344,0.866,0.92
"6492",338,0.851,0.904
"6034",318,0.801,0.766
"7363",326,0.821,0.857
"7111",323,0.814,0.813
"6864",334,0.841,0.72
"7241",310,0.781,0.876
"7313",334,0.841,0.855
"6050",323,0.814,0.803
"5942",335,0.844,0.917
"5933",335,0.844,0.741
"5910",345,0.869,0.918
"5220",320,0.806,0.713
"5163",347,0.874,0.902
"6882",321,0.809,0.672
"5463",286,0.72,0.796
"6652",344,0.866,0.909
"6779",330,0.831,0.868
"5434",339,0.854,0.865
"6859",295,0.743,0.658
"4724",328,0.826,0.909
"5477",332,0.836,0.856
"6528",316,0.796,0.905
"6114",327,0.824,0.903
"5090",309,0.778,0.861
"6526",225,0.567,0.827
"5326",335,0.844,0.866
"6639",330,0.831,0.851
"6216",314,0.791,0.798
"4954",347,0.874,0.872
"6150",308,0.776,0.862
"6506",305,0.768,0.852
"7572",334,0.841,0.935
"6404",326,0.821,0.825
"5990",286,0.72,0.844
"5716",339,0.854,0.72
"6298",316,0.796,0.889
"5460",324,0.816,0.911
"4527",347,0.874,0.92
"6366",305,0.768,0.598
"6238",345,0.869,0.85
"5562",241,0.607,0.804
"6270",306,0.771,0.805
"4802",345,0.869,0.912
"5733",307,0.773,0.776
"6865",312,0.786,0.875
"6221",367,0.924,0.922
"5802",276,0.695,0.958
"5945",339,0.854,0.886
"5162",349,0.879,0.91
"6026",336,0.846,0.888
"6500",347,0.874,0.911
"5264",384,0.967,0.886
"6265",331,0.834,0.842
"6641",349,0.879,0.922
"5639",330,0.831,0.933
"6258",341,0.859,0.882
"5357",326,0.821,0.922
"6000",342,0.861,0.91
"6363",343,0.864,0.859
"5899",336,0.846,0.751
"5894",320,0.806,0.701
"6893",195,0.491,0.767
"5427",333,0.839,0.887
"6689",334,0.841,0.885
"5335",324,0.816,0.838
"6496",329,0.829,0.839
"5347",275,0.693,0.936
"6164",314,0.791,0.926
"6825",332,0.836,0.911
"6667",349,0.879,0.892
"6003",318,0.801,0.942
"6660",323,0.814,0.911
"6303",171,0.431,0.541
"6860",338,0.851,0.857
"5660",267,0.673,0.888
"6056",305,0.768,0.563
"5821",337,0.849,0.934
"5422",334,0.841,0.904
"5454",350,0.882,0.826
"6955",283,0.713,0.896
"5840",334,0.841,0.899
"5513",313,0.788,0.583
"6439",339,0.854,0.902
"6909",337,0.849,0.932
"5536",300,0.756,0.841
"5644",329,0.829,0.893
"6494",362,0.912,0.873
"5421",350,0.882,0.848
"5018",381,0.96,0.825
"5842",328,0.826,0.828
"5941",317,0.798,0.833
"5849",334,0.841,0.895
"7331",314,0.791,0.638
"6958",325,0.819,0.851
"7028",347,0.874,0.835
"6139",386,0.972,0.933
"5594",336,0.846,0.882
"6705",102,0.257,0.947
"5922",387,0.975,0.892
"7325",283,0.713,0.907
"7135",288,0.725,0.729
"5642",262,0.66,0.748
"6550",326,0.821,0.898
"6405",337,0.849,0.798
"7583",231,0.582,0.826
"6531",322,0.811,0.936
"5634",327,0.824,0.732
"6533",384,0.967,0.877
"6128",352,0.887,0.721
"5703",324,0.816,0.672
"6785",315,0.793,0.919
"6649",293,0.738,0.774
"6004",339,0.854,0.734
"6378",330,0.831,0.866
"6458",336,0.846,0.863
"5980",322,0.811,0.879
"5841",276,0.695,0.776
"5430",326,0.821,0.902
"7273",305,0.768,0.883
"6198",332,0.836,0.8
"6226",342,0.861,0.907
"7024",123,0.31,0.765
"7194",299,0.753,0.661
"5858",343,0.864,0.896
"6679",317,0.798,0.895
"6601",322,0.811,0.763
"4942",338,0.851,0.777
"6977",307,0.773,0.776
"5859",360,0.907,0.845
"5958",332,0.836,0.912
"5299",320,0.806,0.8
"6565",267,0.673,0.617
"6041",388,0.977,0.865
"5865",345,0.869,0.803
"7577",321,0.809,0.768
"5815",321,0.809,0.691
"6130",312,0.786,0.813
"6460",339,0.854,0.856
"5699",332,0.836,0.859
"6098",387,0.975,0.887
"5328",212,0.534,0.844
"5974",322,0.811,0.895
"7336",270,0.68,0.926
"5950",335,0.844,0.939
"5936",263,0.662,0.818
"5744",311,0.783,0.953
"5918",324,0.816,0.801
"5449",387,0.975,0.879
"6119",319,0.804,0.688
"6875",338,0.851,0.986
"6462",339,0.854,0.913
"4890",318,0.801,0.891
"6713",297,0.748,0.768
"6051",388,0.977,0.965
"6483",336,0.846,0.868
"6732",282,0.71,0.762
"6282",326,0.821,0.905
"6559",9,0.023,0.511
"6320",350,0.882,0.849
"7021",333,0.839,0.684
"4989",340,0.856,0.954
"5032",335,0.844,0.627
"5981",298,0.751,0.823
"4992",349,0.879,0.865
"6570",316,0.796,0.899
"6913",344,0.866,0.929
"5968",328,0.826,0.62
"6557",311,0.783,0.854
"6961",379,0.955,0.901
"4796",340,0.856,0.844
"5188",338,0.851,0.797
"6538",327,0.824,0.909
"7367",314,0.791,0.865
"6527",346,0.872,0.842
"6969",258,0.65,0.684
"5123",331,0.834,0.492
"6563",334,0.841,0.8
"6036",343,0.864,0.913
"6552",335,0.844,0.863
"6886",271,0.683,0.941
"6447",331,0.834,0.881
"7628",364,0.917,0.854
"4806",323,0.814,0.933
"5596",390,0.982,0.501
"7029",333,0.839,0.909
"7013",246,0.62,0.732
"5843",318,0.801,0.854
"6883",328,0.826,0.901
"5343",345,0.869,0.948
"5398",386,0.972,0.829
"5772",339,0.854,0.913
"6064",301,0.758,0.617
"5943",344,0.866,0.905
"5531",314,0.791,0.84
"6685",334,0.841,0.873
"5791",307,0.773,0.873
"6791",313,0.788,0.79
"5620",337,0.849,0.909
"5428",309,0.778,0.929
"6430",139,0.35,0.489
"6544",355,0.894,0.706
"5333",388,0.977,0.918
"5354",320,0.806,0.825
"6733",308,0.776,0.864
"4793",326,0.821,0.597
"6407",249,0.627,0.695
"6636",325,0.819,0.903
"6488",344,0.866,0.795
"5656",256,0.645,0.886
"6373",336,0.846,0.919
"6029",338,0.851,0.842
"6854",287,0.723,0.761
"5893",294,0.741,0.811
"5949",324,0.816,0.864
"5977",335,0.844,0.749
"5853",334,0.841,0.92
"6401",324,0.816,0.91
"5271",331,0.834,0.898
"6227",318,0.801,0.89
"6746",304,0.766,0.841
"6514",39,0.098,0.905
"6274",334,0.841,0.936
"5940",334,0.841,0.936
"5528",340,0.856,0.78
"5469",212,0.534,0.739
"5822",324,0.816,0.874
"6383",386,0.972,0.83
"6448",330,0.831,0.645
"6947",350,0.882,0.893
"6284",320,0.806,0.804
"6038",348,0.877,0.816
"5944",325,0.819,0.895
"5919",310,0.781,0.906
"5551",340,0.856,0.846
"5554",366,0.922,0.738
"6457",230,0.579,0.612
"5355",322,0.811,0.945
"5034",334,0.841,0.87
"6717",387,0.975,0.888
"6924",347,0.874,0.865
"4951",321,0.809,0.9
"5426",378,0.952,0.832
"7333",339,0.854,0.922
"6792",325,0.819,0.817
"6379",188,0.474,0.708
"6449",174,0.438,0.825
"6068",231,0.582,0.834
"5857",331,0.834,0.92
"5304",321,0.809,0.896
"6454",324,0.816,0.85
"5866",328,0.826,0.663
"6962",15,0.038,0.513
"4893",343,0.864,0.876
"5116",348,0.877,0.93
"7361",220,0.554,0.613
"5464",296,0.746,0.661
"5926",316,0.796,0.764
"4848",348,0.877,0.876
"6507",331,0.834,0.847
"6175",386,0.972,0.834
"6398",171,0.431,0.719
"6797",335,0.844,0.629
"6954",330,0.831,0.919
"6782",335,0.844,0.909
"5406",388,0.977,0.907
"7296",259,0.652,0.799
"6631",277,0.698,0.826
"6540",117,0.295,0.527
"5721",334,0.841,0.92
"7128",340,0.856,0.854
"6968",322,0.811,0.86
"6318",350,0.882,0.905
"6295",385,0.97,0.962
"6572",380,0.957,0.85
"5257",380,0.957,0.796
"5296",314,0.791,0.713
"1G01220",352,0.887,0.814
"1G01770",361,0.909,0.895
"1G01910",290,0.73,0.993
"1G02400",287,0.723,0.975
"1G02420",363,0.914,0.878
"1G02860",263,0.662,0.901
"1G02970",341,0.859,0.797
"1G03090",324,0.816,0.79
"1G03100",378,0.952,0.914
"1G03390",357,0.899,0.937
"1G04110",349,0.879,0.893
"1G04690",347,0.874,0.916
"1G04730",325,0.819,0.89
"1G04910",355,0.894,0.911
"1G04970",339,0.854,0.827
"1G05850",350,0.882,0.787
"1G05910",392,0.987,0.297
"1G05960",372,0.937,2.582
"1G06260",333,0.839,0.971
"1G06270",377,0.95,0.437
"1G06440",368,0.927,0.919
"1G06560",334,0.841,0.845
"1G06590",355,0.894,0.837
"1G06710",381,0.96,0.914
"1G06950",360,0.907,0.966
"1G07590",361,0.909,0.95
"1G08460",279,0.703,0.961
"1G09010",368,0.927,0.911
"1G09340",293,0.738,0.987
"1G09870",284,0.715,0.72
"1G09900",380,0.957,0.927
"1G10020",262,0.66,0.923
"1G10240",372,0.937,0.95
"1G10330",355,0.894,0.952
"1G10385",329,0.829,0.936
"1G10780",235,0.592,0.974
"1G10910",367,0.924,0.881
"1G11000",161,0.406,0.937
"1G11915",361,0.909,0.965
"1G12150",358,0.902,0.951
"1G12330",343,0.864,0.99
"1G12470",369,0.929,0.815
"1G13970",278,0.7,0.992
"1G14300",276,0.695,0.994
"1G15440",380,0.957,0.913
"1G15740",291,0.733,0.743
"1G15980",379,0.955,0.711
"1G16070",265,0.668,0.95
"1G16570",363,0.914,3.952
"1G16720",323,0.814,0.898
"1G16770",306,0.771,0.934
"1G18270",328,0.826,0.763
"1G19025",337,0.849,0.858
"1G19860",313,0.788,0.889
"1G20080",287,0.723,0.982
"1G20560",365,0.919,0.937
"1G21640",379,0.955,0.885
"1G22620",370,0.932,0.813
"1G22770",377,0.95,0.901
"1G24610",287,0.723,0.905
"1G24706",376,0.947,0.844
"1G25500",348,0.877,0.884
"1G25570",297,0.748,0.671
"1G27460",355,0.894,0.884
"1G27752",353,0.889,0.894
"1G27760",322,0.811,0.982
"1G29690",333,0.839,0.829
"1G29900",385,0.97,0.894
"1G30000",368,0.927,0.897
"1G30010",380,0.957,0.932
"1G30440",370,0.932,0.958
"1G31360",328,0.826,0.924
"1G31800",224,0.564,0.994
"1G33410",375,0.945,0.884
"1G47380",323,0.814,0.962
"1G47670",339,0.854,0.844
"1G48090",378,0.952,0.897
"1G48880",368,0.927,0.941
"1G49040",357,0.899,0.831
"1G49820",356,0.897,0.916
"1G49970",330,0.831,0.793
"1G50120",316,0.796,0.864
"1G50200",345,0.869,0.799
"1G50940",318,0.801,0.968
"1G51550",341,0.859,0.924
"1G51720",368,0.927,0.91
"1G52520",367,0.924,0.916
"1G52760",334,0.841,0.893
"1G53270",369,0.929,0.943
"1G55150",337,0.849,0.971
"1G55250",346,0.872,0.856
"1G55270",377,0.95,0.96
"1G55480",338,0.851,0.961
"1G55590",345,0.869,0.942
"1G55760",330,0.831,0.956
"1G55910",388,0.977,0.694
"1G57770",351,0.884,0.847
"1G58120",373,0.94,0.902
"1G59980",161,0.406,0.98
"1G60060",203,0.511,0.974
"1G60070",260,0.655,0.826
"1G60490",297,0.748,0.845
"1G60560",385,0.97,0.439
"1G60995",346,0.872,0.774
"1G61600",206,0.519,0.983
"1G61850",318,0.801,0.964
"1G63160",222,0.559,0.993
"1G63660",376,0.947,0.766
"1G63700",273,0.688,0.934
"1G65320",389,0.98,0.282
"1G65380",380,0.957,0.346
"1G65840",376,0.947,1.658
"1G66830",347,0.874,0.925
"1G67120",378,0.952,0.887
"1G67550",346,0.872,0.983
"1G67560",371,0.935,0.817
"1G67840",326,0.821,0.84
"1G68050",292,0.736,0.932
"1G68570",323,0.814,0.954
"1G68740",334,0.841,0.845
"1G68830",379,0.955,1.103
"1G68930",372,0.937,0.49
"1G69860",271,0.683,0.972
"1G70260",229,0.577,0.981
"1G70570",354,0.892,0.894
"1G70820",357,0.899,0.927
"1G71220",362,0.912,0.833
"1G72280",348,0.877,0.905
"1G72500",244,0.615,0.869
"1G72970",336,0.846,0.885
"1G73180",281,0.708,0.811
"1G73930",361,0.909,0.925
"1G73960",358,0.902,0.781
"1G73990",275,0.693,0.849
"1G74460",273,0.688,0.993
"1G74680",342,0.861,0.948
"1G75200",388,0.977,0.449
"1G76400",333,0.839,0.829
"1G76730",213,0.537,0.98
"1G77405",357,0.899,0.891
"1G78280",360,0.907,0.904
"1G79080",369,0.929,0.885
"1G79150",341,0.859,0.793
"1G79560",374,0.942,0.846
"1G80350",365,0.919,0.85
"1G80360",281,0.708,0.965
"1G80410",341,0.859,0.998
"1G80460",301,0.758,0.87
"2G01070",314,0.791,0.911
"2G02560",278,0.7,0.824
"2G04270",362,0.912,0.888
"2G04660",372,0.937,0.93
"2G04842",366,0.922,0.971
"2G07360",366,0.922,0.837
"2G13370",381,0.96,0.84
"2G13540",358,0.902,0.908
"2G13610",376,0.947,0.914
"2G15620",387,0.975,0.727
"2G15695",266,0.67,0.883
"2G16440",313,0.788,0.743
"2G16880",370,0.932,0.933
"2G17020",356,0.897,0.899
"2G17510",358,0.902,0.831
"2G17760",147,0.37,0.973
"2G18710",329,0.829,0.967
"2G18760",369,0.929,0.923
"2G20050",365,0.919,0.944
"2G20190",381,0.96,0.942
"2G21470",377,0.95,0.948
"2G21610",270,0.68,0.897
"2G22120",297,0.748,0.989
"2G23140",355,0.894,0.855
"2G24230",347,0.874,0.9
"2G25660",388,0.977,0.315
"2G25730",378,0.952,0.864
"2G25800",378,0.952,0.794
"2G26170",316,0.796,0.964
"2G26180",330,0.831,0.818
"2G26200",352,0.887,0.936
"2G26690",328,0.826,0.917
"2G26780",388,0.977,0.259
"2G26800",314,0.791,0.896
"2G26930",276,0.695,0.993
"2G27090",369,0.929,0.901
"2G27500",213,0.537,0.854
"2G27590",304,0.766,0.95
"2G28070",360,0.907,0.912
"2G28780",362,0.912,0.947
"2G29050",270,0.68,0.778
"2G29560",292,0.736,0.996
"2G30520",361,0.909,0.846
"2G31530",325,0.819,0.847
"2G31740",323,0.814,0.883
"2G31970",363,0.914,0.91
"2G32040",348,0.877,0.844
"2G32290",346,0.872,0.974
"2G32590",339,0.854,0.918
"2G32900",341,0.859,0.894
"2G33770",370,0.932,0.916
"2G34640",353,0.889,0.947
"2G34960",330,0.831,0.902
"2G35040",316,0.796,0.97
"2G35150",314,0.791,0.927
"2G35500",282,0.71,0.994
"2G35610",371,0.935,0.921
"2G35720",351,0.884,0.957
"2G35920",362,0.912,0.947
"2G36840",304,0.766,0.935
"2G37230",383,0.965,0.902
"2G37310",370,0.932,0.92
"2G37320",361,0.909,0.914
"2G37370",255,0.642,0.912
"2G38000",331,0.834,0.872
"2G38280",266,0.67,0.997
"2G38500",337,0.849,0.916
"2G38510",336,0.846,0.891
"2G38770",382,0.962,0.902
"2G39260",377,0.95,0.87
"2G39450",297,0.748,0.997
"2G39620",354,0.892,0.898
"2G39730",327,0.824,0.968
"2G39830",324,0.816,0.848
"2G39970",235,0.592,0.972
"2G40070",347,0.874,0.868
"2G40190",300,0.756,0.852
"2G40730",242,0.61,0.962
"2G40760",365,0.919,0.95
"2G40770",378,0.952,0.88
"2G40840",362,0.912,0.829
"2G40860",361,0.909,0.886
"2G40890",261,0.657,0.974
"2G41190",349,0.879,0.959
"2G41670",188,0.474,0.967
"2G41700",377,0.95,0.872
"2G42490",375,0.945,0.844
"2G42700",313,0.788,0.978
"2G42750",85,0.214,0.949
"2G42850",365,0.919,0.95
"2G43235",286,0.72,0.972
"2G43420",170,0.428,0.991
"2G43770",339,0.854,0.941
"2G43890",329,0.829,0.905
"2G45500",321,0.809,0.866
"2G46060",338,0.851,0.903
"2G46370",302,0.761,0.935
"2G46890",350,0.882,0.93
"2G47020",336,0.846,0.78
"2G47600",296,0.746,0.854
"2G47790",275,0.693,0.99
"3G01060",298,0.751,0.818
"3G01100",353,0.889,0.864
"3G01150",244,0.615,0.914
"3G01460",378,0.952,0.853
"3G01670",301,0.758,0.868
"3G02130",368,0.927,0.891
"3G02260",390,0.982,0.903
"3G02570",329,0.829,0.835
"3G03210",367,0.924,0.943
"3G03380",360,0.907,0.826
"3G03710",353,0.889,0.759
"3G04340",380,0.957,0.907
"3G04480",318,0.801,0.804
"3G04740",381,0.96,0.891
"3G05350",327,0.824,0.873
"3G06270",379,0.955,0.474
"3G06483",382,0.962,1.546
"3G06530",360,0.907,0.82
"3G06810",363,0.914,0.841
"3G06860",376,0.947,0.914
"3G06880",338,0.851,0.974
"3G06920",368,0.927,0.934
"3G07080",354,0.892,0.898
"3G07140",367,0.924,0.913
"3G07420",349,0.879,0.877
"3G08670",356,0.897,0.902
"3G08760",322,0.811,0.84
"3G08950",239,0.602,0.983
"3G08960",345,0.869,0.886
"3G09090",379,0.955,0.891
"3G09650",381,0.96,0.926
"3G10030",325,0.819,0.824
"3G10230",372,0.937,0.93
"3G10380",358,0.902,0.689
"3G10700",225,0.567,0.957
"3G11220",270,0.68,0.982
"3G11460",375,0.945,0.909
"3G11540",364,0.917,0.855
"3G11960",371,0.935,0.936
"3G11964",250,0.63,0.826
"3G12280",357,0.899,0.983
"3G12590",372,0.937,0.874
"3G12610",291,0.733,0.845
"3G12810",389,0.98,0.908
"3G13490",239,0.602,0.995
"3G14120",305,0.768,0.803
"3G14470",335,0.844,0.89
"3G14910",319,0.804,0.755
"3G15380",359,0.904,0.805
"3G15550",361,0.909,0.938
"3G16150",376,0.947,0.825
"3G16270",379,0.955,0.305
"3G16290",379,0.955,0.881
"3G16910",325,0.819,0.881
"3G17640",344,0.866,0.95
"3G17810",321,0.809,0.849
"3G17830",333,0.839,0.992
"3G17880",192,0.484,0.975
"3G17900",364,0.917,0.923
"3G18290",373,0.94,0.853
"3G18524",373,0.94,0.941
"3G18730",362,0.912,0.891
"3G19180",339,0.854,0.923
"3G19210",331,0.834,0.849
"3G19553",376,0.947,0.934
"3G19630",255,0.642,0.993
"3G19810",361,0.909,0.942
"3G19970",359,0.904,0.875
"3G19990",359,0.904,0.997
"3G20050",290,0.73,0.985
"3G20240",330,0.831,0.95
"3G20260",361,0.909,0.926
"3G20630",340,0.856,0.882
"3G20920",108,0.272,0.731
"3G21420",365,0.919,0.961
"3G21720",255,0.642,0.965
"3G22170",384,0.967,0.92
"3G22980",386,0.972,0.916
"3G23020",379,0.955,0.89
"3G23430",280,0.705,0.813
"3G24170",332,0.836,0.997
"3G25430",372,0.937,0.572
"3G25660",358,0.902,1.346
"3G26090",310,0.781,0.961
"3G26410",341,0.859,0.933
"3G26670",290,0.73,0.864
"3G26700",357,0.899,0.935
"3G27670",359,0.904,0.864
"3G27730",353,0.889,0.848
"3G27820",359,0.904,0.922
"3G27870",359,0.904,0.916
"3G28040",370,0.932,0.876
"3G29320",367,0.924,0.924
"3G43240",318,0.801,0.848
"3G43300",377,0.95,0.89
"3G44330",100,0.252,0.963
"3G44880",322,0.811,0.774
"3G46220",362,0.912,0.972
"3G47400",310,0.781,0.766
"3G47700",367,0.924,0.954
"3G48110",150,0.378,0.988
"3G48150",377,0.95,0.957
"3G48380",341,0.859,0.913
"3G48425",253,0.637,0.749
"3G48610",356,0.897,0.934
"3G48820",319,0.804,0.986
"3G49400",337,0.849,0.91
"3G50620",220,0.554,0.993
"3G50660",317,0.798,0.965
"3G51470",326,0.821,0.94
"3G51490",282,0.71,0.968
"3G51930",365,0.919,0.87
"3G52200",369,0.929,0.914
"3G52940",127,0.32,0.988
"3G52970",289,0.728,0.943
"3G53100",130,0.327,0.975
"3G53150",356,0.897,0.932
"3G53180",378,0.952,0.711
"3G54690",371,0.935,0.637
"3G54790",372,0.937,0.879
"3G54860",266,0.67,0.991
"3G55070",339,0.854,0.771
"3G55160",383,0.965,0.91
"3G55580",341,0.859,0.932
"3G56120",376,0.947,0.964
"3G56310",171,0.431,0.954
"3G56370",382,0.962,0.906
"3G56940",337,0.849,0.907
"3G57180",358,0.902,0.918
"3G57300",370,0.932,0.885
"3G57610",365,0.919,0.926
"3G58520",361,0.909,0.938
"3G60830",351,0.884,0.889
"3G61960",225,0.567,0.991
"3G62130",360,0.907,0.873
"4G00450",289,0.728,0.882
"4G00550",338,0.851,0.842
"4G00740",359,0.904,0.873
"4G00910",370,0.932,0.854
"4G01037",367,0.924,0.901
"4G01320",221,0.557,0.998
"4G01570",364,0.917,0.871
"4G01730",343,0.864,0.883
"4G01880",340,0.856,0.911
"4G02030",287,0.723,0.909
"4G02260",324,0.816,0.842
"4G02460",363,0.914,0.835
"4G02680",320,0.806,0.895
"4G02730",348,0.877,0.931
"4G02780",262,0.66,0.865
"4G02990",374,0.942,0.889
"4G03020",332,0.836,0.978
"4G03220",345,0.869,0.917
"4G03260",340,0.856,0.894
"4G04350",356,0.897,0.899
"4G04640",365,0.919,0.954
"4G04970",382,0.962,0.91
"4G05090",360,0.907,0.771
"4G08150",308,0.776,0.835
"4G08920",380,0.957,0.92
"4G09140",298,0.751,0.747
"4G09750",193,0.486,0.975
"4G10020",219,0.552,0.964
"4G10950",292,0.736,0.778
"4G11120",251,0.632,0.981
"4G14940",272,0.685,0.943
"4G15420",361,0.909,0.925
"4G16144",249,0.627,0.829
"4G16340",381,0.96,0.877
"4G16420",384,0.967,1.526
"4G16570",359,0.904,1.22
"4G16660",382,0.962,0.523
"4G17090",371,0.935,0.92
"4G17140",381,0.96,0.885
"4G17230",365,0.919,0.901
"4G17370",292,0.736,0.987
"4G17380",181,0.456,0.989
"4G17830",232,0.584,0.979
"4G18010",128,0.322,0.985
"4G18060",196,0.494,0.995
"4G18340",340,0.856,0.903
"4G18830",358,0.902,0.908
"4G18950",335,0.844,0.988
"4G19180",365,0.919,0.914
"4G19460",372,0.937,0.927
"4G20050",350,0.882,0.884
"4G20060",366,0.922,0.828
"4G20070",217,0.547,0.995
"4G20090",376,0.947,0.905
"4G20850",335,0.844,0.787
"4G21350",368,0.927,0.895
"4G21680",357,0.899,0.946
"4G21770",270,0.68,0.789
"4G22720",367,0.924,0.964
"4G23540",342,0.861,0.825
"4G23940",363,0.914,0.87
"4G24190",317,0.798,0.839
"4G24220",366,0.922,0.788
"4G24610",348,0.877,0.826
"4G24620",226,0.569,0.942
"4G24740",227,0.572,1.003
"4G24790",368,0.927,0.916
"4G24830",346,0.872,0.784
"4G26090",340,0.856,0.859
"4G26750",348,0.877,0.917
"4G27640",372,0.937,0.874
"4G27790",267,0.673,0.944
"4G28080",372,0.937,0.811
"4G28220",349,0.879,0.938
"4G29010",278,0.7,0.979
"4G29310",347,0.874,0.939
"4G29810",313,0.788,0.936
"4G30490",285,0.718,0.983
"4G30600",369,0.929,0.925
"4G30720",353,0.889,0.996
"4G30790",377,0.95,0.911
"4G31200",373,0.94,0.917
"4G31540",378,0.952,0.951
"4G31770",274,0.69,0.96
"4G31850",381,0.96,0.9
"4G32430",369,0.929,0.927
"4G32910",275,0.693,0.996
"4G33080",215,0.542,0.988
"4G33210",365,0.919,0.891
"4G33330",352,0.887,0.968
"4G33410",346,0.872,0.945
"4G33440",359,0.904,0.935
"4G33760",340,0.856,0.98
"4G33945",221,0.557,0.977
"4G34260",339,0.854,0.837
"4G34310",379,0.955,0.875
"4G34350",349,0.879,0.856
"4G34850",338,0.851,0.935
"4G35560",236,0.594,0.989
"4G35760",220,0.554,0.977
"4G35850",278,0.7,0.994
"4G35870",392,0.987,0.322
"4G35880",349,0.879,0.973
"4G36180",367,0.924,0.829
"4G36390",345,0.869,0.877
"4G36630",372,0.937,0.865
"4G36790",334,0.841,0.872
"4G37030",343,0.864,0.992
"4G38010",357,0.899,0.865
"4G39470",288,0.725,0.986
"4G39850",368,0.927,0.889
"5G01360",318,0.801,0.976
"5G01380",345,0.869,0.961
"5G02270",309,0.778,0.969
"5G02480",354,0.892,0.89
"5G02810",278,0.7,0.958
"5G02820",371,0.935,0.883
"5G03070",316,0.796,0.791
"5G03280",373,0.94,0.877
"5G03430",284,0.715,0.988
"5G04360",223,0.562,0.982
"5G04480",374,0.942,0.838
"5G04550",374,0.942,0.936
"5G04710",342,0.861,0.881
"5G04930",380,0.957,0.923
"5G05200",384,0.967,0.773
"5G05680",325,0.819,0.901
"5G05840",389,0.98,0.909
"5G06120",325,0.819,0.877
"5G06940",361,0.909,0.901
"5G06970",344,0.866,0.816
"5G07590",364,0.917,0.842
"5G08030",278,0.7,0.993
"5G08280",336,0.846,0.957
"5G08310",380,0.957,0.931
"5G08415",203,0.511,0.944
"5G08490",373,0.94,0.935
"5G08530",383,0.965,0.948
"5G08580",322,0.811,0.941
"5G08660",345,0.869,0.966
"5G10900",356,0.897,0.967
"5G11040",378,0.952,0.848
"5G11330",350,0.882,0.864
"5G11380",360,0.907,0.947
"5G11390",361,0.909,0.939
"5G11560",356,0.897,0.919
"5G11960",282,0.71,0.948
"5G12040",226,0.569,0.992
"5G12290",322,0.811,0.828
"5G12470",273,0.688,0.919
"5G12900",378,0.952,0.918
"5G13020",316,0.796,0.864
"5G13030",363,0.914,0.942
"5G13230",373,0.94,0.888
"5G13420",355,0.894,0.928
"5G13530",378,0.952,0.911
"5G13560",336,0.846,0.825
"5G13630",365,0.919,0.881
"5G13640",369,0.929,0.887
"5G13690",347,0.874,0.887
"5G13770",374,0.942,0.906
"5G14210",348,0.877,0.901
"5G14230",365,0.919,0.852
"5G14450",353,0.889,0.965
"5G14510",295,0.743,0.959
"5G14700",281,0.708,0.985
"5G14950",380,0.957,0.924
"5G15300",371,0.935,0.934
"5G15400",361,0.909,0.856
"5G15540",368,0.927,0.884
"5G15710",374,0.942,0.95
"5G15880",329,0.829,0.86
"5G16210",311,0.783,0.812
"5G16280",345,0.869,0.799
"5G16300",376,0.947,0.91
"5G16310",360,0.907,0.963
"5G16420",390,0.982,0.447
"5G17230",329,0.829,0.828
"5G17250",258,0.65,0.945
"5G17530",259,0.652,0.769
"5G17620",117,0.295,0.989
"5G17860",345,0.869,0.837
"5G18525",372,0.937,0.883
"5G18580",249,0.627,0.974
"5G18670",339,0.854,0.905
"5G18700",379,0.955,0.929
"5G18830",350,0.882,0.834
"5G19130",367,0.924,0.928
"5G19180",352,0.887,0.842
"5G19350",370,0.932,0.987
"5G19610",374,0.942,0.913
"5G19640",292,0.736,0.923
"5G19680",297,0.748,0.994
"5G19690",327,0.824,0.998
"5G19730",322,0.811,0.821
"5G20170",315,0.793,0.863
"5G20270",366,0.922,0.982
"5G20350",342,0.861,1
"5G20890",362,0.912,0.957
"5G20990",371,0.935,0.919
"5G21930",333,0.839,0.894
"5G21970",377,0.95,0.928
"5G21990",329,0.829,0.858
"5G22030",366,0.922,0.895
"5G22260",367,0.924,0.934
"5G22330",263,0.662,0.997
"5G22350",213,0.537,0.792
"5G22450",371,0.935,0.825
"5G22510",341,0.859,0.868
"5G22750",373,0.94,0.85
"5G22800",375,0.945,0.916
"5G22850",321,0.809,0.963
"5G23050",261,0.657,0.9
"5G23060",138,0.348,0.99
"5G23110",387,0.975,0.917
"5G23300",337,0.849,0.922
"5G23340",356,0.897,0.894
"5G23880",332,0.836,0.942
"5G24240",358,0.902,0.954
"5G24810",348,0.877,0.926
"5G25230",380,0.957,0.898
"5G26570",372,0.937,0.559
"5G26820",250,0.63,0.981
"5G27970",341,0.859,0.855
"5G30510",365,0.919,0.855
"5G35410",189,0.476,0.996
"5G35460",377,0.95,0.863
"5G35560",284,0.715,0.792
"5G36880",275,0.693,0.999
"5G36890",342,0.861,0.899
"5G37830",386,0.972,0.93
"5G38530",355,0.894,0.875
"5G39040",147,0.37,0.993
"5G39500",382,0.962,0.917
"5G39710",367,0.924,0.919
"5G39830",274,0.69,0.986
"5G40405",375,0.945,0.931
"5G40440",365,0.919,0.878
"5G40480",374,0.942,0.867
"5G40740",362,0.912,0.772
"5G40820",367,0.924,0.907
"5G41800",345,0.869,0.888
"5G43920",358,0.902,0.913
"5G44000",337,0.849,0.93
"5G44240",316,0.796,0.805
"5G44370",380,0.957,0.961
"5G45780",356,0.897,0.958
"5G45900",187,0.471,0.973
"5G46070",371,0.935,0.848
"5G46100",368,0.927,0.965
"5G46220",333,0.839,0.89
"5G46580",382,0.962,0.946
"5G47010",366,0.922,0.872
"5G47040",379,0.955,0.874
"5G47690",372,0.937,0.848
"5G47780",374,0.942,0.924
"5G48270",341,0.859,0.945
"5G48385",359,0.904,0.945
"5G48520",184,0.463,0.989
"5G48800",367,0.924,0.914
"5G49030",350,0.882,0.86
"5G49070",356,0.897,0.926
"5G49430",373,0.94,0.9
"5G49810",372,0.937,0.899
"5G49830",364,0.917,0.947
"5G49890",384,0.967,0.913
"5G50160",161,0.406,0.989
"5G50170",359,0.904,0.879
"5G50210",364,0.917,0.844
"5G50320",387,0.975,0.983
"5G51070",372,0.937,0.81
"5G51150",277,0.698,0.872
"5G51200",356,0.897,0.813
"5G51340",359,0.904,0.889
"5G51540",257,0.647,0.979
"5G51690",351,0.884,0.863
"5G51750",358,0.902,0.902
"5G51830",111,0.28,0.986
"5G51970",268,0.675,0.988
"5G52280",373,0.94,0.894
"5G52580",331,0.834,0.902
"5G52850",344,0.866,0.874
"5G53000",348,0.877,0.954
"5G53320",355,0.894,0.97
"5G53480",386,0.972,0.94
"5G53580",330,0.831,0.992
"5G53920",188,0.474,0.988
"5G53970",326,0.821,0.995
"5G54080",312,0.786,0.78
"5G54180",356,0.897,0.942
"5G54260",382,0.962,4.607
"5G54570",323,0.814,0.953
"5G54690",378,0.952,0.865
"5G54830",381,0.96,0.94
"5G55250",253,0.637,0.951
"5G55540",391,0.985,0.896
"5G55960",395,0.995,0.904
"5G56220",387,0.975,0.938
"5G56290",366,0.922,0.829
"5G56580",284,0.715,0.989
"5G56730",135,0.34,0.984
"5G57800",236,0.594,0.985
"5G58020",371,0.935,0.866
"5G58230",340,0.856,0.772
"5G58330",326,0.821,0.982
"5G58410",385,0.97,0.843
"5G58430",375,0.945,0.866
"5G58470",347,0.874,0.917
"5G58480",336,0.846,0.898
"5G58510",315,0.793,0.761
"5G58600",189,0.476,0.894
"5G58750",364,0.917,0.949
"5G58940",366,0.922,0.809
"5G59900",388,0.977,0.882
"5G60020",358,0.902,0.929
"5G60450",325,0.819,0.875
"5G60570",347,0.874,0.897
"5G60600",333,0.839,0.866
"5G60750",370,0.932,0.97
"5G60790",356,0.897,0.963
"5G60980",390,0.982,3.446
"5G61400",358,0.902,0.8
"5G61560",363,0.914,0.937
"5G61865",324,0.816,0.964
"5G62130",328,0.826,0.965
"5G62310",368,0.927,0.931
"5G62370",368,0.927,0.904
"5G63010",350,0.882,0.867
"5G63050",337,0.849,0.953
"5G63410",358,0.902,0.891
"5G63420",352,0.887,0.913
"5G63640",276,0.695,0.977
"5G63770",364,0.917,0.962
"5G63840",386,0.972,0.444
"5G63860",215,0.542,0.989
"5G63920",282,0.71,0.821
"5G64270",389,0.98,0.882
"5G64370",359,0.904,0.947
"5G65500",385,0.97,0.321
"5G65950",384,0.967,0.873
"5G65990",345,0.869,0.731
"5G66680",255,0.642,0.85
"5G66960",328,0.826,0.863
"5G67430",232,0.584,0.879
