"","sample","bp","bp_Nikolov2019","bp_Angiosperms353","bpoftarget","bpoftarget_Nikolov2019","bpoftarget_Angiosperms353","paralogs_all","paralogs_all_Nikolov2019","paralogs_all_Angiosperms353","paralogs_each","paralogs_each_Nikolov2019","paralogs_each_Angiosperms353","nloci","nloci_Nikolov2019","nloci_Angiosperms353","allele_divergence","allele_divergence_Nikolov2019","allele_divergence_Angiosperms353","allele_divergence_relative","locus_heterozygosity","locus_heterozygosity_Nikolov2019","locus_heterozygosity_Angiosperms353","locus_heterozygosity_relative","loci with >0.5% SNPs","loci with >1% SNPs","loci with >2% SNPs","loci with >5% SNPs","loci with >10% SNPs"
"1","PAFTOL_019361",712461,494700,217761,61,56,76.7,19,7,12,37,17,20,793,497,296,0.162,0.141,0.209,0.674641148325359,47.54,41.45,57.77,0.717500432750563,11.1,1.26,0,0,0
"2","S_670",1116942,852993,263949,95.7,96.6,93,19,7,12,69,39,30,988,682,306,0.65,0.638,0.686,0.930029154518951,83.91,82.99,85.95,0.965561372891216,49.9,26.21,4.45,0,0
"3","S0055",1118556,853230,265326,95.8,96.6,93.5,19,7,12,59,29,30,983,681,302,0.2,0.171,0.292,0.585616438356164,44.25,38.91,56.29,0.691241783620537,14.34,7.43,1.93,0,0
"4","S0156",851703,640584,211119,73,72.5,74.4,19,7,12,6,2,4,747,479,268,1.143,1.188,1.007,1.17974180734856,47.79,44.89,52.99,0.847140969994339,27.71,23.96,19.68,12.32,2.68
"5","S0196sl",751692,563556,188136,64.4,63.8,66.3,19,7,12,50,26,24,872,584,288,0.132,0.125,0.154,0.811688311688312,36.93,37.16,36.46,1.01919912232584,6.65,1.03,0,0,0
"6","S0268",1103583,844911,258672,94.6,95.7,91.1,19,7,12,68,35,33,947,651,296,0.652,0.648,0.665,0.974436090225564,91.55,91.24,92.23,0.98926596552098,56.07,20.7,1.58,0,0
"7","S0275",1065657,813792,251865,91.3,92.1,88.7,19,7,12,37,30,7,965,647,318,3.577,3.589,3.538,1.0144149236857,96.68,96.29,97.48,0.987792367665162,87.36,77.1,61.55,29.33,9.22
"8","S0277",914862,712239,202623,78.4,80.6,71.4,19,7,12,43,35,8,918,611,307,3.988,4.024,3.862,1.04194717762817,94.77,95.74,92.83,1.03134762469029,90.09,86.27,77.78,32.24,3.81
"9","S0278",898869,679779,219090,77,77,77.2,19,7,12,19,10,9,825,539,286,0.285,0.198,0.556,0.356115107913669,27.27,20.96,39.16,0.535240040858018,14.91,11.52,6.3,1.82,0
"10","S0279",1018818,763380,255438,87.3,86.4,90,19,7,12,17,14,3,1006,677,329,5.504,5.6,5.216,1.07361963190184,95.83,95.13,97.26,0.978099938309685,94.53,93.04,90.56,59.64,1.79
"11","S0280",1082388,830097,252291,92.7,94,88.9,19,7,12,43,25,18,945,641,304,0.819,0.769,0.983,0.782299084435402,86.88,85.49,89.8,0.952004454342984,60.21,36.51,10.79,0,0
"12","S0281",1074510,821187,253323,92.1,93,89.2,19,7,12,59,35,24,934,630,304,0.887,0.885,0.895,0.988826815642458,70.99,71.43,70.07,1.01940916226631,53,37.79,15.1,0,0
"13","S0282",1120689,855849,264840,96,96.9,93.3,19,7,12,66,34,32,975,675,300,0.116,0.102,0.16,0.6375,36.1,30.37,49,0.619795918367347,7.28,2.46,0,0,0
"14","S0283",979653,771906,207747,83.9,87.4,73.2,19,7,12,35,17,18,942,642,300,1.923,1.908,1.978,0.964610717896865,96.6,97.35,95,1.02473684210526,93.52,81.95,45.44,0,0
"15","S0284",734205,535305,198900,62.9,60.6,70.1,19,7,12,72,52,20,672,409,263,0.971,0.963,0.992,0.970766129032258,67.71,66.01,70.34,0.938441853852715,51.93,40.62,17.26,1.49,0
"16","S0285",956448,729987,226461,82,82.6,79.8,19,7,12,1,0,0,874,575,299,3.325,3.273,3.492,0.937285223367698,79.98,79.83,80.27,0.99451850006229,66.59,60.18,53.2,34.9,3.66
"17","S0286",972099,746943,225156,83.3,84.6,79.3,19,7,12,16,10,6,923,619,304,4.804,4.925,4.402,1.11880963198546,95.67,95.48,96.05,0.994065590838105,93.72,92.09,87.54,42.47,0.98
"18","S0288",715254,692052,23202,61.3,78.4,8.2,19,7,12,40,37,3,589,556,33,1.014,1.01,1.155,0.874458874458874,80.81,81.83,63.64,1.28582652419862,54.33,35.82,19.69,1.19,0
"19","S0289",1067796,807120,260676,91.5,91.4,91.8,19,7,12,32,18,14,980,667,313,0.718,0.683,0.825,0.827878787878788,69.9,68.37,73.16,0.934527063969382,43.06,29.59,12.76,0,0
"20","S0292",1104816,845817,258999,94.7,95.8,91.2,19,7,12,92,46,46,929,645,284,0.499,0.502,0.489,1.02658486707566,83.85,84.03,83.45,1.00695026962253,40.58,15.07,0.43,0,0
"21","S0293",905238,689685,215553,77.6,78.1,75.9,19,7,12,93,56,37,904,615,289,0.425,0.416,0.453,0.918322295805739,77.43,76.1,80.28,0.947932237169905,34.4,10.18,0,0,0
"22","S0294",1076700,816297,260403,92.3,92.4,91.7,19,7,12,96,77,19,867,564,303,1.249,1.219,1.342,0.908345752608048,83.28,83.69,82.51,1.01430129681251,57.79,39.79,21.91,12,0
"23","S0297",862998,664101,198897,73.9,75.2,70.1,19,7,12,2,2,0,788,520,268,3.143,3.242,2.816,1.15127840909091,89.72,91.73,85.82,1.06886506641808,76.52,63.45,48.1,29.06,4.06
"24","S0298",1047051,793968,253083,89.7,89.9,89.2,19,7,12,9,8,1,1021,689,332,5.456,5.565,5.113,1.08840211226286,98.92,99.27,98.19,1.01099908340972,96.96,95.59,92.36,58.37,2.64
"25","S0299",910080,689886,220194,78,78.1,77.6,19,7,12,80,49,31,907,617,290,0.323,0.32,0.332,0.963855421686747,60.53,60.62,60.34,1.0046403712297,19.07,8.27,0.44,0,0
"26","S0300",1053711,819750,233961,90.3,92.8,82.4,19,7,12,38,34,4,922,637,285,3.42,3.471,3.243,1.07030527289547,97.83,98.43,96.49,1.02010571043631,91.87,79.93,56.72,26.36,10.52
"27","S0301",1094607,855015,239592,93.8,96.8,84.4,19,7,12,67,44,23,980,675,305,0.535,0.538,0.527,1.02087286527514,86.63,86.67,86.56,1.0012707948244,44.69,14.18,0,0,0
"28","S0303",870540,657342,213198,74.6,74.4,75.1,19,7,12,56,37,19,756,488,268,0.411,0.377,0.514,0.733463035019455,61.64,60.86,63.06,0.965112591183,24.07,13.89,5.16,0,0
"29","S0305",827721,773604,54117,70.9,87.6,19.1,19,7,12,0,0,0,778,654,124,4.446,4.514,3.465,1.3027417027417,94.09,97.86,74.19,1.31904569348969,88.43,79.31,62.6,35.73,17.61
"30","S0306",676968,659679,17289,58,74.7,6.1,19,7,12,1,0,0,499,478,21,3.418,3.41,3.713,0.918394828979262,92.38,92.05,100,0.9205,77.35,67.33,53.31,36.27,6.41
"31","S0308",1067994,821412,246582,91.5,93,86.9,19,7,12,62,41,21,931,636,295,0.367,0.337,0.464,0.726293103448276,58.97,55.66,66.1,0.842057488653555,25.89,13.86,4.51,0,0
"32","S0312",1053294,805932,247362,90.2,91.2,87.1,19,7,12,30,18,12,1017,696,321,2.308,2.337,2.211,1.05698778833107,98.62,98.56,98.75,0.998075949367089,97.35,92.92,61.55,0.39,0
"33","S0315",1052895,798810,254085,90.2,90.4,89.5,19,7,12,1,0,0,1029,698,331,4.662,4.898,3.918,1.25012761613068,90.38,90.97,89.12,1.02075852782765,82.9,77.55,65.6,39.46,16.42
"34","S0317",1041948,785004,256944,89.3,88.9,90.5,19,7,12,0,0,0,1006,675,331,4.851,5.113,4.049,1.26278093356384,95.83,95.85,95.77,1.00083533465595,87.57,77.63,64.12,41.85,17.5
"35","S0320",883839,665757,218082,75.7,75.4,76.8,19,7,12,51,28,23,829,551,278,0.172,0.14,0.268,0.522388059701492,44.63,38.11,57.55,0.662206776715899,12.06,4.58,0,0,0
"36","S0322",909711,694779,214932,77.9,78.7,75.7,19,7,12,25,16,9,842,558,284,0.715,0.624,1.01,0.617821782178218,54.39,51.08,60.92,0.838476690741957,33.85,26.6,17.58,2.14,0
"37","S0323",1022250,770283,251967,87.6,87.2,88.8,19,7,12,0,0,0,976,654,322,4.76,5.045,3.889,1.29724865003857,94.77,95.72,92.86,1.03079905233685,84.53,78.18,65.47,43.75,17.62
"38","S0327",955248,725361,229887,81.8,82.1,81,19,7,12,20,9,11,859,571,288,0.466,0.326,0.904,0.360619469026549,40.28,34.85,51.04,0.682797805642633,18.86,16.07,11.53,2.21,0
"39","S0329",1040631,802101,238530,89.2,90.8,84,19,7,12,33,15,18,916,623,293,0.068,0.055,0.112,0.491071428571429,24.02,19.26,34.13,0.564312921183709,4.37,1.2,0,0,0
"40","S0331",767796,585399,182397,65.8,66.3,64.3,19,7,12,1,0,0,699,448,251,4.059,4.251,3.446,1.23360417875798,93.13,94.87,90.04,1.05364282541093,82.12,72.68,59.51,39.2,12.88
"41","S0335",1081353,825162,256191,92.7,93.4,90.3,19,7,12,41,17,24,929,627,302,0.13,0.115,0.179,0.642458100558659,29.49,25.68,37.42,0.686264029930518,8.07,3.55,0.22,0,0
"42","S0345",597783,462618,135165,51.2,52.4,47.6,19,7,12,30,9,21,695,468,227,0.141,0.125,0.196,0.637755102040816,32.95,29.27,40.53,0.722181100419442,8.49,5.18,0.72,0,0
"43","S0346",1018137,757311,260826,87.2,85.7,91.9,19,7,12,28,14,14,987,669,318,5.238,5.357,4.891,1.09527703946023,96.56,95.96,97.8,0.98118609406953,95.74,94.53,92.6,58.05,0.3
"44","S0355",771330,742860,28470,66.1,84.1,10,19,7,12,15,15,0,558,528,30,0.588,0.572,1.022,0.559686888454012,39.96,39.58,46.67,0.848082279837154,24.19,18.82,12.54,1.79,0
"45","S0371",800064,772248,27816,68.6,87.4,9.8,19,7,12,1,0,0,645,614,31,4.582,4.575,4.792,0.954716193656094,95.19,95.44,90.32,1.05668733392383,86.51,80.62,67.91,44.81,17.67
"46","S0373",1059795,802413,257382,90.8,90.8,90.7,19,7,12,2,2,0,994,669,325,3.631,3.785,3.148,1.20235069885642,66,65.77,66.46,0.989617815227204,56.94,54.33,50.4,41.45,8.35
"47","S0376",926172,724713,201459,79.4,82.1,71,19,7,12,60,37,23,916,650,266,0.237,0.225,0.28,0.803571428571429,63.76,62.15,67.67,0.918427663661889,14.85,1.75,0,0,0
"48","S0377",998901,756402,242499,85.6,85.6,85.4,19,7,12,0,0,0,999,683,316,3.736,3.819,3.476,1.09867663981588,86.69,85.94,88.29,0.973383169101824,68.87,59.86,52.25,38.84,13.61
"49","S0380",1035519,781686,253833,88.7,88.5,89.4,19,7,12,0,0,0,998,670,328,4.256,4.551,3.347,1.35972512697938,89.18,89.85,87.8,1.02334851936219,80.26,72.04,56.01,38.48,15.33
"50","S0381",855600,654711,200889,73.3,74.1,70.8,19,7,12,50,23,27,872,596,276,0.693,0.671,0.766,0.87597911227154,89.11,88.76,89.86,0.987758735811262,60.89,26.95,1.83,0,0
"51","S0383",969375,770115,199260,83.1,87.2,70.2,19,7,12,25,21,4,854,595,259,2.964,3.068,2.561,1.19796954314721,91.1,92.94,86.87,1.06987452515253,73.89,60.42,44.85,24.59,7.03
"52","S0384",1000770,759834,240936,85.7,86,84.9,19,7,12,41,26,15,823,541,282,0.863,0.831,0.964,0.862033195020747,90.28,90.39,90.07,1.00355279227268,61.6,39.25,11.91,0,0
"53","S0385",1007055,762018,245037,86.3,86.3,86.3,19,7,12,1,0,0,1002,674,328,4.038,4.128,3.757,1.09874900186319,92.22,92.73,91.16,1.01722246599386,80.84,73.25,60.38,34.53,12.57
"54","S0400",1067865,825000,242865,91.5,93.4,85.6,19,7,12,59,28,31,947,654,293,0.089,0.07,0.154,0.454545454545455,38.44,31.35,54.27,0.577667219458264,6.02,1.06,0,0,0
"55","S0403sl",849252,633057,216195,72.8,71.7,76.2,19,7,12,95,76,19,857,556,301,0.181,0.173,0.204,0.848039215686274,50.64,48.38,54.82,0.882524626048887,9.57,3.38,0,0,0
"56","S0405",1113183,850185,262998,95.4,96.3,92.7,19,7,12,79,36,43,948,659,289,0.294,0.293,0.297,0.986531986531986,80.59,80.73,80.28,1.00560538116592,18.78,1.58,0,0,0
"57","S0407sl",785955,576543,209412,67.3,65.3,73.8,19,7,12,31,14,17,770,493,277,0.413,0.327,0.651,0.502304147465438,45.06,42.39,49.82,0.850863107185869,22.08,14.16,6.23,0,0
"58","S0412sl",997542,765423,232119,85.5,86.7,81.8,19,7,12,75,38,37,948,653,295,0.311,0.305,0.331,0.921450151057402,65.93,66,65.76,1.0036496350365,18.04,4.32,0,0,0
"59","S0416",1096236,839895,256341,93.9,95.1,90.3,19,7,12,95,50,45,927,641,286,0.875,0.895,0.808,1.10767326732673,92.23,92.04,92.66,0.993308871141809,63.43,31.82,8.95,0,0
"60","S0417",1041360,803721,237639,89.2,91,83.7,19,7,12,91,58,33,870,607,263,0.406,0.389,0.464,0.838362068965517,72.99,72.16,74.9,0.963417890520694,28.62,12.99,2.76,0,0
"61","S0419",1027746,780861,246885,88.1,88.4,87,19,7,12,77,41,36,846,567,279,0.154,0.155,0.149,1.04026845637584,46.93,48.85,43.01,1.13578237619158,8.04,3.43,0,0,0
"62","S0420sl",857619,626682,230937,73.5,71,81.4,19,7,12,54,41,13,888,585,303,3.216,3.206,3.244,0.988286066584464,96.85,96.92,96.7,1.00227507755946,94.37,89.98,73.65,20.05,0
"63","S0421",1040400,789150,251250,89.1,89.3,88.5,19,7,12,46,30,16,951,640,311,1.72,1.683,1.838,0.915669205658324,93.59,93.12,94.53,0.985084100285624,79.07,67.72,41.64,3.68,0
"64","S0424",823941,797850,26091,70.6,90.3,9.2,19,7,12,26,26,0,657,626,31,1.254,1.234,1.87,0.659893048128342,87.82,88.02,83.87,1.04948134016931,56.32,44.75,24.66,1.22,0
"65","S0427",1119192,854559,264633,95.9,96.8,93.2,19,7,12,45,19,26,993,686,307,0.047,0.033,0.09,0.366666666666667,23.46,17.49,36.81,0.475142624286879,2.42,0,0,0,0
"66","S0428sl",574191,421863,152328,49.2,47.8,53.7,19,7,12,42,20,22,598,372,226,0.611,0.526,0.845,0.622485207100592,60.37,58.87,62.83,0.936972783702053,31.77,21.91,10.87,0.17,0
"67","S0430",941550,719613,221937,80.7,81.5,78.2,19,7,12,61,39,22,810,543,267,0.496,0.46,0.612,0.751633986928105,69.63,69.06,70.79,0.975561519988699,32.84,19.14,7.41,0,0
"68","S0435",998616,746961,251655,85.6,84.6,88.7,19,7,12,13,7,6,1005,682,323,5.769,5.958,5.208,1.14400921658986,96.82,97.36,95.67,1.0176648897251,96.02,95.52,93.63,64.58,1.79
"69","S0436",1020588,792882,227706,87.4,89.8,80.2,19,7,12,56,48,8,919,614,305,1.775,1.773,1.783,0.994391475042064,84.11,85.34,81.64,1.0453209211171,61.37,47.44,28.94,15.02,0.76
"70","S0450",1081335,826887,254448,92.7,93.6,89.6,19,7,12,0,0,0,1011,684,327,1.58,1.672,1.281,1.30523028883685,50.25,47.37,56.27,0.841834014572597,28.09,25.22,20.67,15.43,6.92
"71","S0464",1028391,779550,248841,88.1,88.3,87.7,19,7,12,0,0,0,969,652,317,4.381,4.617,3.643,1.26736206423278,91.85,92.48,90.54,1.02142699359399,77.09,63.88,51.6,41.07,16
"72","S0478",938868,717243,221625,80.4,81.2,78.1,19,7,12,66,32,34,772,525,247,0.315,0.288,0.402,0.716417910447761,61.01,61.33,60.32,1.01674403183024,21.11,11.14,3.89,0,0
"73","S0509",1077561,822249,255312,92.3,93.1,89.9,19,7,12,0,0,0,1026,702,324,4.543,4.484,4.731,0.947791164658635,97.66,97.58,97.84,0.997342600163532,90.45,82.26,66.37,42.88,11.11
"74","S0512sl",588330,441498,146832,50.4,50,51.7,19,7,12,19,8,11,696,449,247,2.487,2.219,3.296,0.673240291262136,92.24,90.42,95.55,0.946310832025118,88.94,81.61,59.48,10.92,0
"75","S0521",1029354,776019,253335,88.2,87.9,89.2,19,7,12,15,10,5,974,656,318,6.251,6.469,5.582,1.15890361877463,97.74,98.02,97.17,1.00874755582999,95.38,94.35,91.79,71.46,5.24
"76","S0547",1012242,763341,248901,86.7,86.4,87.7,19,7,12,24,17,7,956,636,320,4.075,4.161,3.81,1.09212598425197,96.13,95.28,97.81,0.974133524179532,95.19,94.46,88.39,30.23,0
"77","S0552sl",1100949,841056,259893,94.3,95.2,91.6,19,7,12,107,62,45,923,636,287,0.385,0.378,0.408,0.926470588235294,76.06,76.1,75.96,1.00184307530279,28.17,9.64,0.22,0,0
"78","S0555",1008087,756681,251406,86.4,85.7,88.6,19,7,12,87,69,18,870,569,301,1.248,1.279,1.157,1.10544511668107,66.32,64.5,69.77,0.92446610290956,54.6,45.4,28.97,4.6,0
"79","S0558",1119741,853212,266529,95.9,96.6,93.9,19,7,12,35,22,13,1012,693,319,0.026,0.016,0.06,0.266666666666667,15.32,8.66,29.78,0.290799194089993,0.79,0,0,0,0
"80","S0560",926772,743568,183204,79.4,84.2,64.5,19,7,12,0,0,0,820,571,249,2.326,2.407,1.994,1.20712136409228,56.95,57.27,56.22,1.01867662753469,46.71,42.32,35.98,25.61,6.95
"81","S0562",1029207,785028,244179,88.2,88.9,86,19,7,12,8,7,1,1025,692,333,4.704,4.684,4.77,0.981970649895178,98.73,98.55,99.1,0.994450050454087,98.34,96.68,91.41,38.63,0
"82","S0577",735690,560850,174840,63,63.5,61.6,19,7,12,10,6,4,833,549,284,2.273,2.237,2.385,0.937945492662474,84.51,84.88,83.8,1.01288782816229,61.22,46.7,33.73,21.97,3.48
"83","S0583",999432,749511,249921,85.6,84.9,88,19,7,12,1,0,0,948,625,323,4.34,4.494,3.878,1.15884476534296,85.97,86.08,85.76,1.00373134328358,79.96,75.63,62.24,39.66,17.62
"84","S0590",789981,579114,210867,67.7,65.6,74.3,19,7,12,3,2,1,747,467,280,4.718,4.754,4.62,1.02900432900433,91.16,90.79,91.79,0.989105567055235,86.61,82.06,70.41,43.11,12.99
"85","S0591",1062741,806844,255897,91.1,91.4,90.1,19,7,12,65,34,31,885,595,290,1.72,1.764,1.579,1.11716276124129,97.51,97.48,97.59,0.998872835331489,93.22,79.1,32.2,0,0
"86","S0593",966954,735762,231192,82.9,83.3,81.4,19,7,12,5,4,1,1008,684,324,3.561,3.642,3.303,1.10263396911898,87.4,87.28,87.65,0.995778665145465,82.64,78.08,71.53,25.89,0
"87","S0612",1067676,821100,246576,91.5,93,86.9,19,7,12,25,13,12,995,681,314,2.116,2.145,2.019,1.06240713224368,98.39,98.53,98.09,1.00448567641961,94.87,86.53,52.56,1.01,0
"88","S0613sl",1060482,818751,241731,90.9,92.7,85.2,19,7,12,39,19,20,963,655,308,1.168,1.125,1.313,0.856816450875857,90.45,89.77,91.88,0.977035263387027,73.73,53.89,19.42,0,0
"89","S0616",980745,736473,244272,84,83.4,86.1,19,7,12,45,28,17,846,554,292,0.202,0.155,0.343,0.451895043731778,37.83,32.85,47.26,0.695090986034702,11.35,6.86,4.14,0,0
"90","S0617",816966,747564,69402,70,84.6,24.4,19,7,12,0,0,0,796,652,144,9.421,9.758,5.798,1.68299413590893,96.11,98.31,86.11,1.14167924747416,94.6,92.96,90.7,79.02,40.95
"91","S0620",549270,405306,143964,47.1,45.9,50.7,19,7,12,16,12,4,519,319,200,0.626,0.51,0.953,0.535152151101784,60.12,58.31,63,0.925555555555555,38.34,25.43,12.14,0,0
"92","S0624",964404,726390,238014,82.6,82.2,83.8,19,7,12,45,22,23,868,576,292,0.596,0.538,0.773,0.695989650711514,53.57,51.04,58.56,0.871584699453552,29.49,21.54,12.79,1.38,0
"93","S0641",1123416,856164,267252,96.3,96.9,94.2,19,7,12,40,18,22,1003,692,311,0.047,0.033,0.094,0.351063829787234,25.82,17.92,43.41,0.412808108730707,2.19,0,0,0,0
"94","S0642",1030173,779886,250287,88.3,88.3,88.2,19,7,12,3,2,1,940,623,317,1.399,1.499,1.086,1.38029465930018,49.04,47.35,52.37,0.904143593660492,27.55,22.77,18.4,13.4,4.79
"95","S0643",996753,754986,241767,85.4,85.5,85.2,19,7,12,87,52,35,909,615,294,0.282,0.28,0.29,0.96551724137931,68.87,67.32,72.11,0.933573706836777,19.14,5.5,0,0,0
"96","S0645sl",1060962,799065,261897,90.9,90.5,92.3,19,7,12,85,47,38,932,640,292,0.142,0.113,0.23,0.491304347826087,48.39,44.69,56.51,0.790833480799858,8.8,3.22,0,0,0
"97","S0647-2",1045116,800256,244860,89.5,90.6,86.3,19,7,12,1,0,0,1040,711,329,6.329,6.578,5.516,1.19253081943437,97.79,97.61,98.18,0.994194336932165,96.54,94.52,87.98,63.94,6.06
"98","S0654",912189,693627,218562,78.2,78.5,77,19,7,12,100,78,22,752,487,265,1.627,1.563,1.831,0.853631895139268,91.36,90.97,92.08,0.987945264986968,77.66,62.37,35.77,6.38,0
"99","S0655sl",999459,765216,234243,85.6,86.6,82.5,19,7,12,24,17,7,982,662,320,3.632,3.648,3.582,1.01842546063652,88.29,86.86,91.25,0.951890410958904,80.86,76.37,62.32,27.7,3.36
"100","S0656sl",938529,709719,228810,80.4,80.4,80.6,19,7,12,85,44,41,797,536,261,0.728,0.709,0.787,0.900889453621347,83.44,83.58,83.14,1.00529227808516,44.29,23.71,10.16,0,0
"101","S0657",949455,712227,237228,81.4,80.6,83.6,19,7,12,50,27,23,829,540,289,2.833,2.709,3.204,0.845505617977528,92.88,91.85,94.81,0.968779664592343,87.33,77.93,57.9,14.84,0
"102","S0660sl",586596,439134,147462,50.3,49.7,51.9,19,7,12,12,6,6,795,526,269,2.652,2.515,3.062,0.821358589157413,88.18,87.26,89.96,0.969986660738106,78.62,69.56,53.84,22.39,1.01
"103","S0662",1024929,769251,255678,87.8,87.1,90.1,19,7,12,0,0,0,958,638,320,3.645,3.902,2.872,1.35863509749304,79.54,80.88,76.88,1.05202913631634,63.67,55.11,46.66,35.91,16.6
"104","S0664",1051746,796734,255012,90.1,90.2,89.8,19,7,12,0,0,0,992,663,329,5.446,5.694,4.671,1.21901091843288,98.89,98.64,99.39,0.992453969212194,96.88,91.53,78.23,43.45,20.87
"105","S0667",924606,688248,236358,79.2,77.9,83.3,19,7,12,1,0,0,865,558,307,4.67,4.904,3.988,1.2296890672016,95.14,94.27,96.74,0.974467645234649,87.63,80.12,65.66,43.7,14.68
"106","S0669",1057497,800658,256839,90.6,90.7,90.5,19,7,12,0,0,0,995,671,324,3.408,3.578,2.878,1.24322446143155,59.9,60.51,58.64,1.0318894952251,50.45,47.94,44.42,37.29,13.37
"107","S0670",1082088,828729,253359,92.7,93.8,89.3,19,7,12,42,24,18,1003,687,316,1.82,1.819,1.825,0.996712328767123,98.5,98.25,99.05,0.991923271075214,95.31,82.05,38.48,0,0
"108","S0671",1052514,805269,247245,90.2,91.2,87.1,19,7,12,15,11,4,1006,686,320,3.959,3.997,3.837,1.0416992442012,96.62,96.36,97.19,0.991460026751723,93.84,90.85,83.1,27.83,0
"109","S0672",1084935,826197,258738,93,93.5,91.2,19,7,12,39,19,20,944,638,306,2.194,2.188,2.21,0.990045248868778,97.14,97.02,97.39,0.996200841975562,90.57,79.98,54.98,4.13,0
"110","S0673",1001934,749712,252222,85.8,84.9,88.9,19,7,12,32,17,15,870,572,298,0.08,0.061,0.134,0.455223880597015,18.16,16.61,21.14,0.785714285714286,4.94,3.1,1.15,0,0
"111","S0677",1013847,771453,242394,86.9,87.3,85.4,19,7,12,45,30,15,884,583,301,1.34,1.306,1.446,0.903181189488243,94.91,94.68,95.35,0.992973256423702,77.38,53.39,25.23,0,0
"112","S0688",986553,751584,234969,84.5,85.1,82.8,19,7,12,0,0,0,886,587,299,2.269,2.337,2.05,1.14,76.75,77.34,75.59,1.02315121047758,44.7,35.55,31.26,24.04,6.32
"113","S0689",1075971,859698,216273,92.2,97.3,76.2,19,7,12,67,41,26,916,676,240,0.703,0.682,0.786,0.867684478371501,82.53,79.44,91.25,0.870575342465753,53.06,30.68,7.64,0,0
"114","S0690",903126,700710,202416,77.4,79.3,71.3,19,7,12,81,41,40,898,621,277,0.233,0.225,0.263,0.855513307984791,67.26,66.67,68.59,0.97200758128007,14.59,0.78,0,0,0
"115","S0691",1073604,819360,254244,92,92.8,89.6,19,7,12,57,48,9,966,645,321,3.915,3.902,3.96,0.985353535353535,98.14,97.98,98.44,0.995327102803738,94.41,88.3,75.16,33.54,5.59
"116","S0717",1034295,779865,254430,88.6,88.3,89.6,19,7,12,7,5,2,945,621,324,3.284,3.396,2.94,1.15510204081633,91.85,91.95,91.67,1.0030544343842,77.25,65.08,46.14,25.19,11.53
"117","S0718",1065336,813549,251787,91.3,92.1,88.7,19,7,12,32,17,15,1015,696,319,2.804,2.872,2.583,1.11188540456833,98.23,97.84,99.06,0.98768423177872,97.04,92.81,71.92,4.93,0
"118","S0720",1091145,831597,259548,93.5,94.2,91.4,19,7,12,78,37,41,915,629,286,0.518,0.506,0.558,0.906810035842294,73.01,71.22,76.92,0.925897035881435,37.81,20,5.46,0,0
"119","S0721sl",1097496,837978,259518,94,94.9,91.4,19,7,12,60,33,27,952,647,305,1.509,1.467,1.648,0.890169902912621,96.22,95.83,97.05,0.987429160226687,86.03,67.54,31.62,0,0
"120","S0722",1043124,781851,261273,89.4,88.5,92,19,7,12,0,0,0,1003,673,330,5.123,5.245,4.756,1.10281749369218,91.33,91.38,91.21,1.00186383072032,77.57,74.38,70.69,58.92,7.68
"121","S0724sl",1009140,772539,236601,86.5,87.5,83.4,19,7,12,22,16,6,936,626,310,1.112,1.017,1.422,0.715189873417722,63.57,61.34,68.06,0.901263590949162,45.41,37.71,25.64,5.45,0
"122","S0726",955779,735210,220569,81.9,83.2,77.7,19,7,12,0,0,0,898,602,296,4.76,4.901,4.291,1.14215800512701,93.32,93.85,92.23,1.01756478369294,84.41,78.29,66.04,43.65,17.26
"123","S0727",994560,810495,184065,85.2,91.8,64.8,19,7,12,5,4,1,905,687,218,5.834,5.881,5.627,1.04513950595344,97.24,96.94,98.17,0.987470714067434,93.92,90.5,83.98,68.07,6.52
"124","S0728sl",764841,595767,169074,65.5,67.5,59.6,19,7,12,0,0,0,946,639,307,2.941,2.86,3.226,0.886546807191569,86.47,86.54,86.32,1.00254865616311,70.08,58.99,47.36,26.22,1.8
"125","S0731sl",1052607,798447,254160,90.2,90.4,89.5,19,7,12,0,0,0,972,651,321,4.054,4.344,3.143,1.38211899459116,88.48,88.48,88.47,1.00011303266644,70.37,59.67,51.44,40.53,13.27
"126","S0732",1066251,811554,254697,91.4,91.9,89.7,19,7,12,43,25,18,981,669,312,1.75,1.748,1.757,0.994877632327832,97.55,96.56,99.68,0.968699839486356,94.39,82.16,36.29,0,0
"127","S0733sl",872178,675330,196848,74.7,76.5,69.3,19,7,12,68,41,27,902,616,286,1.094,1.09,1.106,0.985533453887884,89.58,89.45,89.86,0.995437346984198,68.4,41.69,15.52,0,0
"128","S0735",1019241,761598,257643,87.3,86.2,90.8,19,7,12,62,32,30,927,622,305,0.161,0.157,0.175,0.897142857142857,45.95,44.21,49.51,0.892950919006261,8.09,1.08,0,0,0
"129","S0739",1085916,826692,259224,93,93.6,91.3,19,7,12,56,25,31,965,667,298,0.885,0.898,0.844,1.06398104265403,86.63,86.06,87.92,0.97884440400364,56.17,36.06,13.99,0,0
"130","S0740",1063035,801048,261987,91.1,90.7,92.3,19,7,12,37,26,11,959,641,318,2.778,2.648,3.175,0.834015748031496,97.6,97.04,98.74,0.98278306663966,91.87,83.73,64.96,12.72,0
"131","S0741",1062630,803784,258846,91,91,91.2,19,7,12,0,0,0,1003,676,327,2.569,2.579,2.54,1.01535433070866,62.91,61.83,65.14,0.94918636782315,43.57,39.08,35.99,27.82,9.17
"132","S0742",1097529,840621,256908,94,95.2,90.5,19,7,12,63,30,33,963,666,297,0.105,0.095,0.137,0.693430656934307,50.67,48.35,55.89,0.865092145285382,3.63,0,0,0,0
"133","S0743",1027902,775590,252312,88.1,87.8,88.9,19,7,12,0,0,0,964,641,323,2.889,3.091,2.267,1.36347595941773,71.89,71.76,72.14,0.994732464652065,52.8,45.54,41.18,29.15,7.57
"134","S0745",1106706,845964,260742,94.8,95.8,91.9,19,7,12,45,28,17,998,683,315,1.112,1.102,1.144,0.963286713286713,92.18,92.53,91.43,1.01203106201466,76.45,52.4,15.63,0,0
"135","S0746",1075674,811944,263730,92.2,91.9,92.9,19,7,12,0,0,0,994,665,329,3.284,3.416,2.876,1.18776077885953,76.96,75.64,79.64,0.949773982923154,66.1,55.13,39.74,30.99,14.99
"136","S0747sl",1085136,819447,265689,93,92.8,93.6,19,7,12,0,0,0,1027,695,332,4.201,4.498,3.286,1.36883749239197,84.32,83.45,86.14,0.968771766891108,72.25,63.88,53.16,42.06,15.68
"137","S0748",1070703,810117,260586,91.7,91.7,91.8,19,7,12,80,44,36,898,611,287,0.331,0.316,0.376,0.840425531914894,59.58,59.9,58.89,1.01715061979963,22.05,11.25,3.01,0,0
"138","S0751",1014732,761580,253152,86.9,86.2,89.2,19,7,12,2,1,1,960,634,326,7.385,7.557,6.868,1.10032032615026,97.29,97,97.85,0.991313234542667,95.42,94.69,93.02,75.42,18.75
"139","S0752",1048557,788247,260310,89.8,89.2,91.7,19,7,12,0,0,0,1001,670,331,5.232,5.37,4.813,1.11572823602743,94.11,93.88,94.56,0.992808798646362,86.41,81.32,69.83,46.95,23.18
"140","S0753",694767,533064,161703,59.5,60.4,57,19,7,12,43,33,10,598,374,224,1.005,1.018,0.962,1.05821205821206,75.59,76.74,73.66,1.04181373879989,51,36.29,20.9,3.18,0
"141","S0754",1025232,769428,255804,87.8,87.1,90.1,19,7,12,16,11,5,981,661,320,5.258,5.437,4.718,1.15239508266214,94.7,94.4,95.31,0.99045220858252,94.09,93.37,91.13,55.56,0.71
"142","S0756",1121895,855690,266205,96.1,96.9,93.8,19,7,12,27,14,13,1017,696,321,0.243,0.177,0.455,0.389010989010989,29.89,21.7,47.66,0.455308434746118,11.8,9.34,5.51,0,0
"143","S0757",1027386,785805,241581,88,89,85.1,19,7,12,41,25,16,982,667,315,3.173,3.284,2.815,1.16660746003552,98.78,98.95,98.41,1.00548724723097,98.47,95.82,83.6,7.74,0
"144","S0758",811194,605130,206064,69.5,68.5,72.6,19,7,12,37,16,21,694,448,246,0.612,0.569,0.74,0.768918918918919,70.46,67.19,76.42,0.879220099450406,40.49,25.5,11.67,0,0
"145","S0760",1101861,837891,263970,94.4,94.9,93,19,7,12,29,16,13,978,661,317,0.172,0.147,0.252,0.583333333333333,25.66,20.73,35.96,0.576473859844271,9,6.13,2.66,0,0
"146","S0762-2",1075428,833709,241719,92.1,94.4,85.2,19,7,12,44,26,18,1004,690,314,1.993,2.052,1.791,1.14572864321608,98.41,98.55,98.09,1.00468957080232,96.22,86.85,46.81,0,0
"147","S0763",1114815,847653,267162,95.5,96,94.1,19,7,12,39,15,24,979,670,309,0.102,0.078,0.177,0.440677966101695,26.35,21.34,37.22,0.573347662547018,6.03,3.78,0.61,0,0
"148","S0764",1095759,834861,260898,93.9,94.5,91.9,19,7,12,94,78,16,939,621,318,1.415,1.263,1.903,0.663688912243826,85.94,82.77,92.14,0.898306924245713,63.47,44.83,26.09,10.97,0
"149","S0765",967137,730494,236643,82.9,82.7,83.4,19,7,12,66,34,32,760,497,263,0.138,0.13,0.164,0.792682926829268,50.79,49.5,53.23,0.929926733045275,8.29,2.24,0,0,0
"150","S0766",1040268,796875,243393,89.1,90.2,85.7,19,7,12,27,18,9,937,623,314,2.042,1.975,2.263,0.87273530711445,90.39,90.69,89.81,1.00979846342278,77.05,64.89,41.62,5.34,0
"151","S0768",943905,714966,228939,80.9,80.9,80.7,19,7,12,0,0,0,859,561,298,2.591,2.751,2.091,1.31563845050215,62.28,63.81,59.4,1.07424242424242,46.45,42.84,38.53,27.94,8.15
"152","S0770",1083249,824436,258813,92.8,93.3,91.2,19,7,12,72,38,34,904,614,290,0.232,0.229,0.24,0.954166666666667,61.5,61.4,61.72,0.994815294880104,16.48,3.87,0,0,0
"153","S0771",1064970,805518,259452,91.3,91.2,91.4,19,7,12,29,13,16,913,607,306,0.03,0.023,0.053,0.433962264150943,16.54,13.51,22.55,0.599113082039911,1.64,0.22,0,0,0
"154","S0772",1023975,782301,241674,87.7,88.6,85.1,19,7,12,3,3,0,971,656,315,5.097,5.27,4.539,1.16104868913858,98.56,98.32,99.05,0.992629984856133,95.37,88.67,74.36,43.05,15.04
"155","S0791",820164,820164,0,70.3,92.9,0,19,7,12,26,26,0,639,639,0,3.325,3.325,NA,NA,93.58,93.58,NA,NA,79.34,70.74,56.49,26.29,10.95
"156","S0795",1062084,804948,257136,91,91.1,90.6,19,7,12,62,30,32,889,599,290,0.606,0.596,0.636,0.937106918238994,71.09,71.12,71.03,1.00126707025201,36.9,21.71,8.55,0,0
"157","S0809",1054383,797001,257382,90.3,90.2,90.7,19,7,12,28,16,12,1020,699,321,2.764,2.769,2.748,1.00764192139738,99.61,99.43,100,0.9943,99.02,95.49,73.43,4.9,0
"158","S0827",955221,727932,227289,81.8,82.4,80.1,19,7,12,57,34,23,798,533,265,0.442,0.386,0.621,0.621578099838969,60.53,57.97,65.66,0.882881510813281,21.55,14.04,9.02,0,0
"159","S0834",854013,670503,183510,73.2,75.9,64.6,19,7,12,10,8,2,945,634,311,4.533,4.45,4.84,0.919421487603306,97.25,97.63,96.46,1.01212938005391,95.13,93.65,88.57,39.47,0
"160","S0836",982236,746406,235830,84.2,84.5,83.1,19,7,12,8,5,3,956,641,315,4.792,4.953,4.282,1.15670247547875,91.63,92.2,90.48,1.01900972590628,88.18,87.24,82.74,50.52,1.26
"161","S0851",1009194,759888,249306,86.5,86,87.8,19,7,12,0,0,0,1004,675,329,4.492,4.614,4.121,1.11963115748605,90.94,90.96,90.88,1.00088028169014,79.18,73.71,63.45,40.94,15.74
"162","S0888",1085448,823635,261813,93,93.3,92.2,19,7,12,87,47,40,922,633,289,0.479,0.448,0.577,0.776429809358752,67.03,64.45,72.66,0.887007982383705,29.61,15.73,4.45,0,0
"163","S0890",608076,478653,129423,52.1,54.2,45.6,19,7,12,22,10,12,717,483,234,1.887,1.824,2.118,0.861189801699717,78.1,80.33,73.5,1.09292517006803,62.06,51.6,35.7,9.48,0
"164","S0892",960237,724317,235920,82.3,82,83.1,19,7,12,0,0,0,920,611,309,1.968,2.015,1.824,1.1047149122807,55.22,54.01,57.61,0.937510848810971,34.78,32.72,29.02,20.98,7.17
"165","S0893",742290,561462,180828,63.6,63.6,63.7,19,7,12,15,5,10,690,445,245,2.05,1.939,2.393,0.81027998328458,90.14,90.34,89.8,1.00601336302895,72.9,53.04,36.09,17.1,0.29
"166","S0894",943821,715761,228060,80.9,81,80.3,19,7,12,87,43,44,809,538,271,0.406,0.387,0.467,0.828693790149893,77.13,77.51,76.38,1.01479444880859,29.67,15.7,3.46,0,0
"167","S0895",1045560,801594,243966,89.6,90.8,85.9,19,7,12,0,0,0,1001,679,322,4.156,4.241,3.876,1.09416924664603,96.2,95.73,97.2,0.984876543209877,83.12,72.33,56.04,37.96,11.39
"168","S0896",976065,753387,222678,83.6,85.3,78.4,19,7,12,1,0,0,944,662,282,4.774,4.779,4.759,1.00420256356377,99.36,99.55,98.94,1.00616535273903,97.46,93.01,74.58,39.51,11.65
"169","S0897",794907,596196,198711,68.1,67.5,70,19,7,12,2,1,1,827,530,297,3.506,3.571,3.309,1.07917799939559,91.66,92.45,90.24,1.02449024822695,79.69,68.08,55.5,34.58,6.05
"170","S0899",983895,758568,225327,84.3,85.9,79.4,19,7,12,47,27,20,844,566,278,1.481,1.438,1.627,0.883835279655808,77.37,77.03,78.06,0.986805021778119,60.31,49.05,28.32,5.09,0
"171","S0901",1037058,783963,253095,88.9,88.8,89.2,19,7,12,18,12,6,965,644,321,3.6,3.578,3.669,0.975197601526301,98.55,98.76,98.13,1.00642005502904,97.82,96.17,88.81,18.24,0
"172","S0902",799920,622842,177078,68.5,70.5,62.4,19,7,12,41,15,26,821,552,269,1.88,1.761,2.295,0.767320261437908,95.25,95.65,94.42,1.01302690108028,89.4,75.88,41.17,3.17,0
"173","S0903",1089750,831777,257973,93.4,94.2,90.9,19,7,12,190,142,48,827,549,278,0.781,0.751,0.877,0.856328392246294,94.32,92.9,97.12,0.956548599670511,72.07,34.82,8.59,0,0
"174","S0904",750609,750609,0,64.3,85,0,19,7,12,5,5,0,688,688,0,4.32,4.32,NA,NA,98.55,98.55,NA,NA,96.8,94.48,88.95,34.45,0
"175","S0906",1068162,818811,249351,91.5,92.7,87.8,19,7,12,47,27,20,923,620,303,0.166,0.166,0.167,0.994011976047904,40.41,37.9,45.54,0.832235397452789,9.97,4.77,0,0,0
"176","S0941",941325,737133,204192,80.7,83.5,71.9,19,7,12,6,4,2,910,608,302,3.424,3.376,3.596,0.938820912124583,96.7,96.55,97.02,0.995155638012781,87.25,75.49,51.87,29.45,5.49
"177","S0946",1019688,769980,249708,87.4,87.2,88,19,7,12,2,2,0,929,619,310,4.109,4.115,4.092,1.00562072336266,95.26,94.35,97.1,0.97167868177137,84.71,74.81,58.45,35.52,10.12
"178","S0947sl",1017675,765492,252183,87.2,86.7,88.8,19,7,12,1,0,0,1030,697,333,5.07,5.272,4.455,1.18338945005612,89.22,88.38,90.99,0.971315529179031,80,76.7,71.65,50.49,5.05
"179","S0949",1081605,823341,258264,92.7,93.2,91,19,7,12,0,0,0,1019,686,333,4.108,4.175,3.893,1.07243770870794,93.72,93.73,93.69,1.00042693990821,83.91,73.99,56.82,37.19,12.46
"180","S0951",514689,368898,145791,44.1,41.8,51.4,19,7,12,18,6,12,543,337,206,0.657,0.448,1.185,0.378059071729958,51.38,46.59,59.22,0.786727456940223,31.86,25.41,15.1,1.66,0
"181","S0952",981312,757455,223857,84.1,85.8,78.9,19,7,12,54,35,19,830,557,273,0.445,0.375,0.683,0.54904831625183,51.93,48.11,59.71,0.805727683805058,23.98,15.3,8.07,0,0
"182","S0954",1033968,787008,246960,88.6,89.1,87,19,7,12,0,0,0,992,670,322,3.772,3.918,3.307,1.18475960084669,89.52,89.25,90.06,0.991005996002665,67.04,56.96,47.58,36.49,10.89
"183","S0956",973305,745695,227610,83.4,84.4,80.2,19,7,12,71,39,32,799,529,270,0.422,0.4,0.493,0.811359026369168,78.35,77.13,80.74,0.95528858062918,35.17,12.39,0.63,0,0
"184","S0957",958095,730002,228093,82.1,82.7,80.4,19,7,12,69,60,9,810,522,288,1.233,1.245,1.198,1.03923205342237,78.15,79.69,75.35,1.05759787657598,51.85,35.31,21.98,11.73,0
"185","S0959",1047456,813300,234156,89.7,92.1,82.5,19,7,12,52,26,26,930,666,264,0.095,0.062,0.211,0.293838862559242,29.25,20.42,51.52,0.396350931677019,6.67,2.58,0.11,0,0
"186","S0960",1055037,817359,237678,90.4,92.5,83.7,19,7,12,68,37,31,944,645,299,0.432,0.419,0.475,0.882105263157895,79.66,79.69,79.6,1.00113065326633,36.12,12.08,0,0,0
"187","S0963",882141,670209,211932,75.6,75.9,74.7,19,7,12,26,16,10,808,523,285,3.103,2.948,3.593,0.820484274979126,97.4,97.9,96.49,1.01461291325526,95.67,91.09,72.52,14.6,0
"188","S0964",968400,738369,230031,83,83.6,81,19,7,12,70,37,33,805,533,272,0.303,0.288,0.352,0.818181818181818,70.68,68.86,74.26,0.92728252087261,21.37,6.09,0,0,0
"189","S0989",642504,485901,156603,55.1,55,55.2,19,7,12,20,12,8,680,442,238,3.731,3.667,3.932,0.932604272634792,96.32,95.7,97.48,0.981739844070579,93.68,88.24,74.26,28.38,1.18
"190","S1011sl",628065,464505,163560,53.8,52.6,57.6,19,7,12,6,5,1,669,424,245,5.857,5.901,5.731,1.02966323503752,98.36,98.11,98.78,0.993217250455558,97.76,95.81,90.28,60.09,15.55
"191","S1021",1056594,801411,255183,90.5,90.7,89.9,19,7,12,1,0,0,1027,697,330,6.044,6.255,5.378,1.16307177389364,97.66,97.56,97.88,0.996730690641602,94.26,91.43,82.47,50.83,20.64
"192","S1038",948213,723381,224832,81.2,81.9,79.2,19,7,12,17,12,5,952,641,311,3.449,3.458,3.419,1.01140684410646,76.89,77.07,76.53,1.00705605644845,71.85,67.75,55.67,22.9,3.36
"193","S1039",1015398,776688,238710,87,87.9,84.1,19,7,12,18,11,7,991,673,318,6.044,6.266,5.319,1.17804098514758,98.89,99.26,98.11,1.01172153705025,98.59,98.08,95.56,65.79,2.72
"194","S1040",998595,758655,239940,85.6,85.9,84.5,19,7,12,14,8,6,976,659,317,5.345,5.446,5.026,1.08356545961003,97.34,97.57,96.85,1.00743417656169,94.57,93.24,89.55,58.09,1.95
"195","S1043sl",941181,716793,224388,80.6,81.2,79,19,7,12,24,22,2,872,569,303,4.447,4.426,4.512,0.980939716312057,94.15,94.02,94.39,0.996080093230215,90.37,88.19,77.64,36.47,6.77
"196","S1044",1038708,792915,245793,89,89.8,86.6,19,7,12,26,18,8,992,672,320,5.728,5.891,5.201,1.13266679484714,98.79,98.66,99.06,0.995962043206138,97.58,96.77,93.45,63.91,2.12
"197","S1045",1098516,833112,265404,94.1,94.3,93.5,19,7,12,0,0,0,1038,706,332,2.918,3.125,2.268,1.37786596119929,80.92,79.75,83.43,0.955891166247153,53.28,42,35.84,27.75,7.9
"198","S1050",981642,757920,223722,84.1,85.8,78.8,19,7,12,11,7,4,994,680,314,5.345,5.524,4.741,1.16515503058427,96.48,96.03,97.45,0.985428424833248,94.57,93.26,90.24,56.24,1.61
"199","S1052sl",808788,609789,198999,69.3,69,70.1,19,7,12,42,36,6,936,618,318,1.087,1.054,1.189,0.88645920941968,71.26,71.68,70.44,1.01760363429869,46.58,32.69,19.34,2.24,0
"200","S1053sl",879816,690318,189498,75.4,78.2,66.8,19,7,12,17,9,8,898,601,297,3.888,3.844,4.052,0.948667324777888,97.1,97.84,95.62,1.02321690023008,95.99,92.54,84.19,26.73,0
"201","S1069",1072197,814308,257889,91.9,92.2,90.9,19,7,12,0,0,0,1018,691,327,3.08,3.158,2.833,1.11471937875044,82.71,82.78,82.57,1.00254329659683,56.48,45.78,37.72,28.88,12.87
"202","S1072",1029315,775515,253800,88.2,87.8,89.4,19,7,12,18,9,9,1004,683,321,5.918,6.128,5.276,1.1614859742229,97.81,97.95,97.51,1.0045123577069,96.41,95.32,92.83,68.73,2.39
"203","S1074",1077630,818232,259398,92.3,92.6,91.4,19,7,12,0,0,0,1018,690,328,3.827,3.94,3.469,1.13577399827039,91.26,91.16,91.46,0.996719877542095,82.81,70.04,47.74,31.73,16.6
"204","S1077",1025034,789876,235158,87.8,89.4,82.8,19,7,12,183,143,40,782,510,272,0.992,0.997,0.974,1.02361396303901,91.69,92.94,89.34,1.0402955003358,70.33,45.78,14.32,2.81,0
"205","S1083",1108095,843756,264339,94.9,95.5,93.1,19,7,12,20,10,10,1018,695,323,0.221,0.187,0.327,0.571865443425076,23.67,19.57,32.51,0.60196862503845,9.33,7.86,5.11,0.49,0
"206","S1089",1006518,763029,243489,86.2,86.4,85.8,19,7,12,0,0,0,958,640,318,3.564,3.697,3.148,1.17439644218551,79.02,78.28,80.5,0.972422360248447,65.97,59.92,52.82,33.19,3.03
"207","S1093sl",1069020,821499,247521,91.6,93,87.2,19,7,12,1,0,0,1035,704,331,2.882,3.034,2.376,1.27693602693603,89.28,89.91,87.92,1.02263421292084,64.83,51.21,41.84,25.7,2.61
"208","S1095",1050183,793260,256923,90,89.8,90.5,19,7,12,0,0,0,984,660,324,4.513,4.778,3.693,1.29379907933929,86.48,85.91,87.65,0.980148317170565,75.71,71.54,65.75,44.51,3.66
"209","S1096",1048797,787485,261312,89.9,89.2,92.1,19,7,12,14,8,6,1018,691,327,5.572,5.72,5.127,1.11566218061244,98.33,98.41,98.17,1.00244473871855,96.95,95.58,93.52,58.15,1.28
"210","S1097",957645,742167,215478,82.1,84,75.9,19,7,12,16,9,7,946,640,306,4.276,4.359,3.99,1.09248120300752,94.93,95.31,94.12,1.01264343391415,92.6,89.75,82.98,31.29,0
"211","S1098",995994,754671,241323,85.3,85.4,85,19,7,12,14,10,4,978,656,322,5.39,5.527,4.959,1.11453922161726,99.08,99.7,97.83,1.01911479096392,97.65,96.11,92.54,56.13,0.72
"212","S1100",978909,745770,233139,83.9,84.4,82.1,19,7,12,64,36,28,890,601,289,0.279,0.274,0.295,0.928813559322034,52.81,52.25,53.98,0.967951092997406,17.53,8.76,1.69,0,0
"213","S1102",937164,709617,227547,80.3,80.3,80.2,19,7,12,35,27,8,871,567,304,1.199,1.218,1.14,1.06842105263158,63.72,64.02,63.16,1.01361621279291,39.49,30.2,20.44,10.22,0
"214","S1103",1060434,810078,250356,90.9,91.7,88.2,19,7,12,33,20,13,971,654,317,1.689,1.663,1.774,0.937429537767757,96.29,95.72,97.48,0.98194501436192,88.67,74.46,39.75,0,0
"215","S1106sl",991095,755961,235134,84.9,85.6,82.8,19,7,12,9,6,3,1030,700,330,4.668,4.775,4.324,1.10430157261795,96.7,96.71,96.67,1.00041377883521,94.85,93.4,88.83,42.62,0
"216","S1110",862170,657021,205149,73.9,74.4,72.3,19,7,12,56,32,24,784,516,268,0.579,0.522,0.762,0.68503937007874,73.34,71.32,77.24,0.923355774210254,37.37,20.28,7.53,0,0
"217","S1111",1032324,772809,259515,88.5,87.5,91.4,19,7,12,9,6,3,1002,675,327,6.179,6.44,5.4,1.19259259259259,91.52,91.11,92.35,0.986572820790471,89.52,89.02,86.53,69.06,7.98
"218","S1113",909519,714651,194868,77.9,80.9,68.7,19,7,12,17,11,6,919,616,303,3.301,3.292,3.335,0.987106446776612,98.48,99.19,97.03,1.0222611563434,95.97,91.08,77.04,14.25,0
"219","S1114-2",795735,602859,192876,68.2,68.3,67.9,19,7,12,28,17,11,714,461,253,2.036,1.969,2.245,0.877060133630289,85.99,85.47,86.96,0.982865685372585,65.97,52.52,38.8,17.79,2.38
"220","S1116",1065678,806364,259314,91.3,91.3,91.4,19,7,12,0,0,0,1013,682,331,3.554,3.654,3.243,1.12673450508788,81.44,81.23,81.87,0.992182728716257,64.56,57.16,45.21,30.21,10.96
"221","S1117",993624,767124,226500,85.1,86.9,79.8,19,7,12,15,11,4,984,672,312,5.999,6.194,5.338,1.16035968527538,99.19,99.4,98.72,1.00688816855754,98.88,98.07,94.21,62.3,3.05
"222","S1118",897903,684462,213441,76.9,77.5,75.2,19,7,12,14,6,8,878,584,294,3.992,3.977,4.039,0.984649665758851,96.47,95.89,97.62,0.982278221675886,93.74,91.57,83.49,28.02,0
"223","S1119",912165,692766,219399,78.2,78.4,77.3,19,7,12,5,4,1,940,618,322,6.012,6.102,5.727,1.0654793085385,91.06,89.81,93.48,0.96074026529739,89.36,85.74,80.21,52.23,7.13
"224","S1120",930903,713373,217530,79.8,80.8,76.6,19,7,12,38,22,16,891,592,299,1.303,1.226,1.556,0.787917737789203,80.36,78.89,83.28,0.947286263208453,62.96,47.92,27.5,2.24,0
"225","S1121",1010736,776865,233871,86.6,88,82.4,19,7,12,19,15,4,1002,677,325,4.381,4.522,3.913,1.15563506261181,98.4,99.11,96.92,1.02259595542716,97.7,94.71,85.83,34.63,0
"226","S1128",1071123,823242,247881,91.8,93.2,87.3,19,7,12,64,35,29,932,637,295,0.719,0.711,0.744,0.955645161290323,81.22,81.16,81.36,0.997541789577188,44.74,26.82,9.33,0,0
"227","S1129sl",1109832,847245,262587,95.1,95.9,92.5,19,7,12,51,29,22,998,685,313,0.837,0.789,0.991,0.796165489404642,79.76,78.54,82.43,0.952808443527842,51.7,32.77,14.83,0,0
"228","S1148",1023201,777558,245643,87.7,88,86.5,19,7,12,67,42,25,920,620,300,0.669,0.669,0.672,0.995535714285714,80.76,80.97,80.33,1.00796713556579,44.24,25,10.65,0,0
"229","S1168",1022190,776904,245286,87.6,88,86.4,19,7,12,0,0,0,961,643,318,4.024,4.167,3.574,1.16592053721321,87.62,87.4,88.05,0.992617830777967,71.9,59.31,48.07,38.61,13.11
"230","S1176",962874,730899,231975,82.5,82.8,81.7,19,7,12,35,21,14,892,593,299,1.374,1.293,1.629,0.793738489871087,91.93,92.41,90.97,1.01582939430581,70.85,54.82,28.7,1.01,0
"231","S1177",1007292,763947,243345,86.3,86.5,85.7,19,7,12,17,13,4,919,606,313,0.278,0.238,0.402,0.592039800995025,25.68,22.44,31.95,0.702347417840376,13.71,10.34,5.98,0.11,0
"232","S1180",1002168,764970,237198,85.9,86.6,83.6,19,7,12,94,59,35,873,593,280,0.25,0.246,0.264,0.931818181818182,64.26,66.44,59.64,1.1140174379611,15.92,5.73,0,0,0
"233","S1181-2",982341,749154,233187,84.2,84.8,82.1,19,7,12,20,19,1,1008,678,330,4.123,4.161,3.998,1.0407703851926,97.72,97.64,97.88,0.997548017981202,96.23,93.85,87,31.25,0
"234","S1182",945312,712506,232806,81,80.7,82,19,7,12,96,79,17,833,536,297,0.629,0.606,0.698,0.868194842406877,80.07,80.97,78.45,1.0321223709369,46.94,25.81,6.12,0,0
"235","S1184",912186,690891,221295,78.2,78.2,78,19,7,12,52,31,21,843,559,284,1.511,1.531,1.45,1.05586206896552,92.41,93.74,89.79,1.04399153580577,80.07,60.85,30.37,0,0
"236","S1187sl",472083,343176,128907,40.4,38.9,45.4,19,7,12,22,9,13,602,381,221,1.244,1.082,1.675,0.645970149253731,72.92,70.87,76.47,0.926768667451288,53.99,38.04,22.09,2.49,0
"237","S1188",976608,739428,237180,83.7,83.7,83.6,19,7,12,36,22,14,901,600,301,2.374,2.225,2.837,0.784279168135354,92.9,92.5,93.69,0.987298537730814,84.79,73.81,50.17,11.54,0
"238","S1189",1105266,845298,259968,94.7,95.7,91.6,19,7,12,68,44,24,961,655,306,0.165,0.148,0.223,0.663677130044843,42.98,38.78,51.96,0.746343341031563,10.2,4.16,0,0,0
"239","S1201sl",1115409,851418,263991,95.6,96.4,93,19,7,12,31,13,18,1019,702,317,0.041,0.031,0.075,0.413333333333333,19.92,12.39,36.59,0.33861710849959,1.77,0,0,0,0
"240","S1204",1077480,825078,252402,92.3,93.4,88.9,19,7,12,27,19,8,1016,692,324,3.421,3.457,3.301,1.04725840654347,99.11,98.99,99.38,0.996075669148722,98.52,96.56,85.33,15.65,0
"241","S1208sl",749286,553131,196155,64.2,62.6,69.1,19,7,12,4,3,1,820,531,289,2.682,2.598,2.92,0.88972602739726,80.85,79.66,83.04,0.959296724470135,67.32,59.15,49.76,25.37,2.44
"242","S1210",966096,735549,230547,82.8,83.3,81.2,19,7,12,34,23,11,886,592,294,0.395,0.351,0.537,0.653631284916201,31.26,28.38,37.07,0.765578635014837,20.77,14.45,6.88,0.79,0
"243","S1211",1118046,855201,262845,95.8,96.8,92.6,19,7,12,25,9,16,1017,699,318,0.035,0.029,0.056,0.517857142857143,13.67,11.44,18.55,0.616711590296496,1.97,0.79,0,0,0
"244","S1213",1050156,795342,254814,90,90,89.8,19,7,12,2,2,0,1000,676,324,3.339,3.409,3.12,1.09262820512821,93.8,93.93,93.52,1.00438408896493,73.3,53.9,38.5,29.1,12.6
"245","S1214sl",1102893,846510,256383,94.5,95.8,90.3,19,7,12,42,24,18,976,669,307,0.132,0.118,0.179,0.659217877094972,25,21.23,33.22,0.639072847682119,7.38,3.89,1.02,0,0
"246","S1220",773994,600177,173817,66.3,68,61.2,19,7,12,1,0,0,850,570,280,2.817,2.827,2.783,1.01581027667984,77.29,77.19,77.5,0.996,66,58.71,49.53,27.88,3.88
"247","S1221sl",985410,749214,236196,84.4,84.8,83.2,19,7,12,14,11,3,1001,679,322,3.813,3.887,3.579,1.08605755797709,96.2,96.17,96.27,0.998961254804197,91.71,83.82,64.14,31.87,7.29
"248","S1223",954819,730629,224190,81.8,82.7,79,19,7,12,70,44,26,865,587,278,0.413,0.421,0.388,1.08505154639175,77.34,78.71,74.46,1.05707762557078,33.18,10.87,0,0,0
"249","S1227",1112664,850947,261717,95.3,96.3,92.2,19,7,12,29,14,15,1016,697,319,0.162,0.119,0.298,0.399328859060403,28.54,22.53,41.69,0.540417366274886,9.84,6.1,2.46,0,0
"250","S1229-2",1058403,806055,252348,90.7,91.3,88.9,19,7,12,64,35,29,962,656,306,0.82,0.774,0.97,0.797938144329897,87.11,87.35,86.6,1.00866050808314,54.47,33.58,13.1,0,0
"251","S1230",1058841,798921,259920,90.7,90.5,91.6,19,7,12,27,19,8,993,667,326,1.682,1.645,1.796,0.915924276169265,88.92,88.01,90.8,0.969273127753304,75.33,62.54,36.46,1.71,0
"252","S1232sl",1042947,793605,249342,89.4,89.9,87.8,19,7,12,27,15,12,972,656,316,1.572,1.488,1.84,0.808695652173913,88.27,88.11,88.61,0.994357296016251,65.02,52.16,34.77,4.84,0
"253","S1234",1048398,796713,251685,89.8,90.2,88.7,19,7,12,39,21,18,944,643,301,2.076,2.089,2.033,1.02754549926217,84.64,82.89,88.37,0.937988004979065,70.02,57.1,40.47,15.36,0
"254","S1235sl",1122117,854409,267708,96.1,96.7,94.3,19,7,12,39,19,20,1012,698,314,0.041,0.02,0.107,0.186915887850467,23.32,14.76,42.36,0.348441926345609,0.99,0,0,0,0
"255","S1238sl",1003569,776985,226584,86,88,79.8,19,7,12,51,28,23,856,579,277,0.17,0.169,0.172,0.982558139534884,50.35,49.4,52.35,0.943648519579752,10.75,2.22,0,0,0
"256","S1239",1075239,815625,259614,92.1,92.3,91.5,19,7,12,35,24,11,978,660,318,0.555,0.553,0.561,0.985739750445633,44.89,43.48,47.8,0.909623430962343,27.71,20.04,11.55,1.43,0
"257","S1241",1035678,785916,249762,88.7,89,88,19,7,12,2,1,1,982,659,323,7.024,7.093,6.809,1.04170950212953,94.7,94.23,95.67,0.984948259642521,92.57,91.55,88.19,63.65,20.57
"258","S1245",1062504,804315,258189,91,91.1,91,19,7,12,71,41,30,925,626,299,0.614,0.57,0.751,0.758988015978695,71.35,70.61,72.91,0.968454258675079,38.81,23.57,10.16,0,0
"259","S1246",934353,703908,230445,80.1,79.7,81.2,19,7,12,73,37,36,845,564,281,0.379,0.365,0.422,0.864928909952607,67.93,68.79,66.19,1.03928085813567,23.31,13.02,3.31,0,0
"260","S1249",918870,685551,233319,78.7,77.6,82.2,19,7,12,31,22,9,859,558,301,0.936,0.83,1.249,0.66453162530024,65.77,64.34,68.44,0.940093512565751,43.77,32.95,19.32,2.56,0
"261","S1250sl",1018038,776814,241224,87.2,88,85,19,7,12,69,39,30,902,614,288,0.883,0.806,1.131,0.712643678160919,74.83,74.59,75.35,0.989913735899137,45.45,32.26,18.4,1.22,0
"262","S1251",992445,743103,249342,85,84.1,87.8,19,7,12,25,15,10,928,620,308,0.66,0.592,0.863,0.685979142526072,38.79,35.97,44.48,0.808678057553957,22.95,18.86,13.04,3.99,0
"263","S1258-2",1012263,787881,224382,86.7,89.2,79,19,7,12,3,3,0,1024,696,328,5.038,5.184,4.524,1.14588859416446,95.51,95.83,94.82,1.01065176123181,88.38,80.57,73.63,51.76,5.86
"264","S1260",1045014,806970,238044,89.5,91.4,83.9,19,7,12,42,25,17,955,653,302,1.223,1.175,1.388,0.846541786743516,82.09,81.47,83.44,0.976390220517737,63.35,47.85,24.61,0.52,0
"265","S1261",854223,673362,180861,73.2,76.2,63.7,19,7,12,24,16,8,845,572,273,3.732,3.593,4.251,0.845212891084451,85.33,85.49,84.98,1.00600141209696,79.29,73.49,63.08,27.93,2.25
"266","S1262",905877,692154,213723,77.6,78.4,75.3,19,7,12,16,10,6,886,585,301,3.981,3.949,4.084,0.966944172380019,90.52,89.57,92.36,0.969792117799913,83.86,78.78,68.06,31.94,2.82
"267","S1266sl",954192,724749,229443,81.8,82.1,80.8,19,7,12,42,27,15,870,574,296,1.204,1.077,1.606,0.670610211706102,79.66,79.79,79.39,1.00503841793677,51.72,40,25.06,5.29,0
"268","S1269",926700,699924,226776,79.4,79.2,79.9,19,7,12,34,20,14,857,559,298,1.079,0.984,1.374,0.716157205240175,73.86,73.35,74.83,0.980221836161967,49.71,36.99,23.1,4.43,0
"269","S1270",935244,715614,219630,80.1,81,77.4,19,7,12,3,3,0,879,581,298,4.92,4.98,4.725,1.05396825396825,98.18,99.14,96.31,1.02938427992939,95.34,89.99,77.25,42.78,13.88
"270","S1276",1044996,787407,257589,89.5,89.2,90.7,19,7,12,55,41,14,962,646,316,3.921,4.005,3.662,1.09366466411797,96.26,95.82,97.15,0.986309830159547,93.66,89.81,72.56,25.36,9.77
"271","S1278",1109541,846078,263463,95.1,95.8,92.8,19,7,12,6,2,4,1030,704,326,0.132,0.111,0.199,0.557788944723618,10.29,8.24,14.72,0.559782608695652,6.41,4.85,2.91,0.19,0
"272","S1279",1069584,819015,250569,91.6,92.7,88.3,19,7,12,33,22,11,982,670,312,1.866,1.948,1.598,1.21902377972466,98.27,98.36,98.08,1.00285481239804,94.6,83.81,37.47,0,0
"273","S1314",1009806,762342,247464,86.5,86.3,87.2,19,7,12,0,0,0,973,647,326,4.301,4.498,3.694,1.21765024363833,82.22,82.38,81.9,1.00586080586081,74.51,69.48,59.1,38.54,14.29
"274","S1315",1059759,805521,254238,90.8,91.2,89.6,19,7,12,44,33,11,962,643,319,1.198,1.114,1.464,0.760928961748634,79.52,79.16,80.25,0.986417445482866,55.2,41.06,26.2,3.12,0
"275","S1318-2",1075623,834501,241122,92.2,94.5,84.9,19,7,12,34,16,18,1012,694,318,1.386,1.371,1.435,0.955400696864111,96.05,96.25,95.6,1.00679916317992,83.3,63.14,29.45,0,0
"276","S1319",979167,746892,232275,83.9,84.6,81.8,19,7,12,25,16,9,946,636,310,4.547,4.643,4.24,1.09504716981132,96.62,97.01,95.81,1.01252478864419,95.77,94.4,89.64,38.27,0
"277","S1328sl",934137,711036,223101,80,80.5,78.6,19,7,12,51,25,26,883,596,287,1.459,1.355,1.791,0.756560580681184,87.54,86.24,90.24,0.955673758865248,68.4,51.98,28.54,4.76,0
"278","S1331",1000524,768090,232434,85.7,87,81.9,19,7,12,4,3,1,967,653,314,3.793,3.968,3.218,1.2330640149161,92.35,92.8,91.4,1.01531728665208,83.97,72.29,55.22,34.23,10.96
"279","S1332",1113693,850689,263004,95.4,96.3,92.7,19,7,12,44,17,27,1002,695,307,0.247,0.241,0.268,0.899253731343283,40.32,37.84,45.93,0.823862399303288,17.17,8.38,2.59,0,0
"280","S1336",1027887,801030,226857,88.1,90.7,79.9,19,7,12,25,13,12,964,655,309,2.235,2.212,2.318,0.954270923209664,93.67,93.28,94.5,0.987089947089947,82.26,68.88,44.29,6.22,0
"281","S1339",943809,704952,238857,80.9,79.8,84.1,19,7,12,0,0,0,905,592,313,2.606,2.728,2.246,1.21460373998219,56.8,56.59,57.19,0.989508655359329,47.96,43.54,38.67,28.07,7.62
"282","S1341",925056,677784,247272,79.3,76.7,87.1,19,7,12,24,20,4,955,637,318,7.315,7.189,7.662,0.938266771078048,96.34,94.98,99.06,0.958812840702605,94.76,93.51,91.2,74.76,21.15
"283","S1342",790302,568449,221853,67.7,64.4,78.2,19,7,12,49,35,14,833,537,296,3.511,3.393,3.814,0.889617199790247,95.56,95.16,96.28,0.988367262152057,93.4,90.04,76.71,24.25,0.12
"284","S1354",1063332,809817,253515,91.1,91.7,89.3,19,7,12,108,84,24,923,615,308,2.136,2.126,2.166,0.981532779316713,95.34,95.28,95.45,0.998218962807753,86.89,75.73,50.92,9.1,0
"285","S1365",931059,698652,232407,79.8,79.1,81.9,19,7,12,45,25,20,848,560,288,1.919,1.789,2.311,0.774123755949805,93.51,92.86,94.79,0.979639202447516,83.84,67.69,41.04,5.54,0
"286","S1366",1024173,778095,246078,87.8,88.1,86.7,19,7,12,48,28,20,916,615,301,1.034,1.025,1.061,0.966069745523092,77.95,77.72,78.41,0.991200102027803,55.46,37.77,16.81,0,0
"287","S1368",980424,743523,236901,84,84.2,83.5,19,7,12,34,20,14,887,590,297,3,2.952,3.152,0.936548223350254,91.21,90.51,92.59,0.977535370990388,84.1,77.23,60.99,18.71,0
"288","S1369",1119396,852729,266667,95.9,96.5,93.9,19,7,12,53,32,21,996,683,313,0.501,0.419,0.764,0.548429319371728,55.62,50.66,66.45,0.762377727614748,31.33,20.18,10.04,0,0
"289","S1370",1105917,840759,265158,94.8,95.2,93.4,19,7,12,55,33,22,998,685,313,1.11,1.091,1.172,0.930887372013652,76.65,73.72,83.07,0.887444324064042,57.62,40.88,18.04,0,0
"290","S1371",1007871,768651,239220,86.4,87,84.3,19,7,12,10,7,3,989,668,321,6.306,6.524,5.605,1.16396074933095,97.78,97.6,98.13,0.994599001324773,95.25,93.43,87.77,61.27,11.83
"291","S1374",1030113,776958,253155,88.3,88,89.2,19,7,12,49,34,15,970,652,318,4.006,4.046,3.883,1.04197785217615,99.38,99.08,100,0.9908,99.07,98.14,90.82,27.11,0
"292","S1375",1113795,850302,263493,95.4,96.3,92.8,19,7,12,52,39,13,1003,680,323,0.963,0.894,1.183,0.75570583262891,71.49,67.65,79.57,0.850194797034058,56.73,41.87,20.24,0.7,0
"293","S1376",1084932,833484,251448,93,94.4,88.6,19,7,12,35,22,13,977,665,312,0.256,0.233,0.332,0.701807228915663,35.11,34.14,37.18,0.918235610543303,15.76,10.44,4.2,0,0
"294","S1378",961605,726102,235503,82.4,82.2,83,19,7,12,0,0,0,902,596,306,1.76,1.902,1.324,1.43655589123867,38.91,38.42,39.87,0.963631803360923,27.05,24.94,23.06,17.07,4.66
"295","S1381",1111821,856074,255747,95.3,96.9,90.1,19,7,12,62,26,36,983,684,299,0.533,0.493,0.665,0.741353383458647,70.3,67.84,75.92,0.893572181243414,35.2,22.58,8.24,0,0
"296","S1400",1024299,771414,252885,87.8,87.3,89.1,19,7,12,12,10,2,1004,675,329,5.752,5.905,5.283,1.11773613477191,95.92,96.3,95.14,1.01219255833509,95.32,95.12,92.73,63.75,1.99
"297","S1401",1062657,804693,257964,91.1,91.1,90.9,19,7,12,3,3,0,1026,694,332,4.953,5.168,4.284,1.20634920634921,96.88,96.4,97.89,0.984778833384411,92.5,86.45,74.46,43.86,16.57
"298","S1405",940716,720492,220224,80.6,81.6,77.6,19,7,12,53,33,20,861,571,290,1.011,0.899,1.378,0.652394775036284,81.07,80.21,82.76,0.969188013533108,53.19,37.98,21.14,1.16,0
"299","S1407",964815,724890,239925,82.7,82.1,84.5,19,7,12,20,11,9,1012,693,319,4.059,4.153,3.775,1.10013245033113,100,100,100,1,99.51,98.22,90.61,23.81,0
"300","S1408",990006,745701,244305,84.8,84.4,86.1,19,7,12,1,0,0,971,646,325,4.677,4.831,4.205,1.14887039239001,94.95,95.05,94.77,1.00295452147304,91.04,85.79,70.75,39.24,16.99
"301","S1409",895626,676626,219000,76.7,76.6,77.2,19,7,12,23,16,7,808,524,284,1.442,1.329,1.791,0.742043551088777,86.63,86.26,87.32,0.98786074209803,65.84,52.1,32.05,5.69,0
"302","S1419",1056924,812616,244308,90.6,92,86.1,19,7,12,42,28,14,969,653,316,2.644,2.647,2.631,1.00608133789434,99.17,99.23,99.05,1.00181726400808,98.25,94.43,69.66,3.82,0
"303","S1421",876477,653178,223299,75.1,74,78.7,19,7,12,1,0,0,843,548,295,4.576,4.614,4.466,1.03313927451858,91.7,91.97,91.19,1.00855356947034,83.51,78.29,66.9,43.3,15.78
"304","S1422",1066776,817794,248982,91.4,92.6,87.7,19,7,12,80,42,38,956,661,295,0.19,0.182,0.216,0.842592592592593,62.66,62.03,64.07,0.968159825191197,11.19,1.67,0,0,0
"305","S1424",1080285,816648,263637,92.6,92.5,92.9,19,7,12,0,0,0,1038,706,332,3.306,3.334,3.219,1.03572538055297,66.76,62.61,75.6,0.828174603174603,54.24,51.25,45.76,35.55,6.45
"306","S1428",1004703,758295,246408,86.1,85.9,86.8,19,7,12,85,68,17,900,592,308,0.886,0.867,0.944,0.918432203389831,71.44,69.09,75.97,0.909437936027379,52.22,38.44,15.11,0,0
"307","S1442",952833,727185,225648,81.6,82.3,79.5,19,7,12,4,4,0,933,622,311,3.071,3.101,2.976,1.04200268817204,88.32,87.78,89.39,0.981989036805012,73.74,61.2,44.8,27.44,7.07
"308","S1449",1116006,851136,264870,95.6,96.4,93.3,19,7,12,45,25,20,1004,690,314,0.493,0.471,0.563,0.836589698046181,66.93,62.61,76.43,0.819180949888787,36.25,20.62,4.38,0,0
"309","S1451",960318,734208,226110,82.3,83.1,79.7,19,7,12,31,15,16,906,607,299,0.145,0.108,0.263,0.4106463878327,27.92,22.24,39.46,0.563608717688799,9.6,5.85,2.43,0,0
"310","S1458",575280,450744,124536,49.3,51,43.9,19,7,12,14,6,8,754,511,243,4.448,4.387,4.671,0.939199314921858,92.44,92.76,91.77,1.01078783916313,89.79,86.6,74.93,39.66,6.37
"311","S1459",957774,747636,210138,82.1,84.6,74,19,7,12,16,8,8,998,680,318,4.438,4.509,4.184,1.07767686424474,97.8,98.24,96.86,1.0142473673343,95.49,93.59,86.97,35.87,0
"312","S1460",1121739,855252,266487,96.1,96.8,93.9,19,7,12,61,31,30,994,688,306,0.484,0.469,0.531,0.883239171374765,77.57,75.44,82.35,0.916089860352155,39.13,18.11,2.41,0,0
"313","S1462",1113846,849612,264234,95.4,96.2,93.1,19,7,12,47,25,22,998,685,313,0.117,0.087,0.213,0.408450704225352,28.36,21.02,44.41,0.473316820535915,7.82,3.51,1.3,0,0
"314","S1464",1001979,757431,244548,85.9,85.8,86.2,19,7,12,18,11,7,999,676,323,5.27,5.405,4.851,1.1142032570604,98,97.78,98.45,0.993194514982224,97.1,94.89,92.59,51.65,0.6
"315","S1474",895638,678666,216972,76.7,76.8,76.4,19,7,12,50,26,24,781,511,270,1.867,1.784,2.126,0.839134524929445,95.9,95.69,96.3,0.993665628245068,90.14,76.31,44.17,2.18,0
"316","S1475",816309,614880,201429,69.9,69.6,71,19,7,12,42,24,18,799,519,280,0.563,0.418,1.005,0.41592039800995,56.32,53.18,62.14,0.855809462504023,29.66,22.15,12.14,0.25,0
"317","S1498",1071234,822723,248511,91.8,93.1,87.5,19,7,12,67,38,29,960,659,301,0.266,0.244,0.34,0.717647058823529,50.94,47.19,59.14,0.797937098410551,16.56,8.65,2.92,0,0
"318","S1506",682515,535173,147342,58.5,60.6,51.9,19,7,12,3,3,0,771,516,255,2.832,2.738,3.172,0.863177805800757,86.9,87.79,85.1,1.03160987074031,70.56,59.27,49.16,27.63,3.24
"319","S1509",969141,730893,238248,83,82.8,83.9,19,7,12,2,2,0,979,652,327,4.018,4.083,3.819,1.06912804399057,87.95,86.81,90.21,0.962310165170158,77.12,71.4,58.94,37.9,12.46
"320","S1519",938235,714954,223281,80.4,80.9,78.7,19,7,12,18,10,8,954,641,313,5.299,5.289,5.331,0.992121553179516,97.17,96.88,97.76,0.990998363338789,94.76,93.08,88.36,53.88,2.41
"321","S1539",1082097,819723,262374,92.7,92.8,92.4,19,7,12,82,42,40,949,657,292,0.117,0.105,0.156,0.673076923076923,42.47,36.38,56.16,0.647792022792023,6.64,1.58,0,0,0
"322","S1541sl",1023693,791010,232683,87.7,89.6,82,19,7,12,1,0,0,1040,708,332,4.325,4.455,3.884,1.14701338825953,93.75,94.07,93.07,1.01074460083808,82.12,75.19,65.48,45,5
"323","S1561",1013436,767256,246180,86.8,86.9,86.7,19,7,12,12,10,2,1019,690,329,4.888,4.94,4.725,1.04550264550265,95.49,94.93,96.66,0.982102213945789,93.62,92.05,88.81,49.56,0.69
"324","S1579",963027,736119,226908,82.5,83.3,79.9,19,7,12,17,14,3,929,610,319,1.879,1.959,1.619,1.21000617665225,83.21,83.61,82.45,1.01406913280776,52.1,37.57,27.88,17.65,0.22
"325","SRR11470320",871926,625374,246552,74.7,70.8,86.9,19,7,12,19,10,9,825,522,303,0.024,0.026,0.019,1.36842105263158,13.58,16.28,8.91,1.82716049382716,0.48,0,0,0,0
"326","SRR8528336",911562,875385,36177,78.1,99.1,12.7,19,7,12,64,63,1,693,655,38,0.189,0.189,0.193,0.979274611398964,62.48,62.6,60.53,1.03419791838758,11.11,0.58,0,0,0
"327","SRR8528338",921159,876792,44367,78.9,99.3,15.6,19,7,12,32,32,0,741,688,53,0.236,0.232,0.3,0.773333333333333,63.56,64.39,52.83,1.21881506719667,15.25,1.89,0,0,0
"328","SRR8528339",874437,838827,35610,74.9,95,12.5,19,7,12,38,38,0,707,666,41,1.564,1.556,1.75,0.889142857142857,90.81,90.84,90.24,1.00664893617021,78.64,65.77,37.2,1.27,0
"329","SRR8528341",918783,880167,38616,78.7,99.7,13.6,19,7,12,32,29,3,733,692,41,0.081,0.078,0.142,0.549295774647887,25.92,24.86,43.9,0.56628701594533,4.77,2.32,0,0,0
"330","SRR8528342",885699,847560,38139,75.9,96,13.4,19,7,12,0,0,0,748,708,40,3.123,3.129,3.002,1.04230512991339,56.02,56.21,52.5,1.07066666666667,49.47,48.13,44.79,37.17,6.42
"331","SRR8528343",911133,877401,33732,78.1,99.3,11.9,19,7,12,33,29,4,732,692,40,0.055,0.052,0.13,0.4,25.68,24.71,42.5,0.581411764705882,2.19,0,0,0,0
"332","SRR8528347",872607,839568,33039,74.8,95.1,11.6,19,7,12,16,14,2,728,692,36,0.196,0.187,0.433,0.431870669745959,22.12,20.81,47.22,0.440703091910208,7.69,6.04,4.53,1.37,0
"333","SRR8528350",914049,876132,37917,78.3,99.2,13.4,19,7,12,30,28,2,732,692,40,0.036,0.034,0.087,0.39080459770115,21.17,19.8,45,0.44,0.41,0,0,0,0
"334","SRR8528354",871245,837183,34062,74.7,94.8,12,19,7,12,20,19,1,725,688,37,0.342,0.319,0.898,0.355233853006682,27.45,26.6,43.24,0.615171137835338,13.52,10.21,7.03,0.83,0
"335","SRR8528356",833457,799323,34134,71.4,90.5,12,19,7,12,40,37,3,690,653,37,3.866,3.896,3.146,1.23839796567069,96.23,97.09,81.08,1.19745929945733,95.8,94.64,87.68,25.8,0
"336","SRR8528357",1081053,822288,258765,92.6,93.1,91.2,19,7,12,18,8,10,999,678,321,0.02,0.024,0.007,3.42857142857143,9.71,12.39,4.05,3.05925925925926,0.9,0,0,0,0
"337","SRR8528358",872379,841761,30618,74.7,95.3,10.8,19,7,12,35,31,4,715,681,34,1.461,1.463,1.401,1.04425410421128,89.23,89.28,88.24,1.01178603807797,74.69,56.92,27.97,0.7,0
"338","SRR8528359",911739,876663,35076,78.1,99.3,12.4,19,7,12,31,26,5,733,695,38,0.05,0.047,0.128,0.3671875,23.19,22.16,42.11,0.526240797910235,2.05,0,0,0,0
"339","SRR8528361",903033,866394,36639,77.4,98.1,12.9,19,7,12,30,29,1,723,685,38,0.538,0.539,0.508,1.06102362204724,69.57,68.76,84.21,0.816530103313146,43.57,20.61,3.18,0,0
"340","SRR8528364",881403,850221,31182,75.5,96.3,11,19,7,12,1,0,0,743,709,34,2.406,2.417,2.085,1.15923261390887,79.27,78.84,88.24,0.893472348141433,56.66,43.61,34.45,24.76,6.33
"341","SRR8528365",909777,873693,36084,78,98.9,12.7,19,7,12,24,22,2,738,698,40,0.033,0.03,0.108,0.277777777777778,17.75,16.33,42.5,0.384235294117647,0.81,0,0,0,0
"342","SRR8528370",873609,838350,35259,74.9,94.9,12.4,19,7,12,31,28,3,710,673,37,0.03,0.029,0.057,0.508771929824561,18.31,17.09,40.54,0.421558954119388,0.7,0,0,0,0
"343","SRR8528372",910260,875553,34707,78,99.1,12.2,19,7,12,30,24,6,729,694,35,0.031,0.029,0.095,0.305263157894737,19.89,18.3,51.43,0.355823449348629,0.69,0,0,0,0
"344","SRR8528373",849057,811293,37764,72.7,91.9,13.3,19,7,12,102,97,5,629,589,40,0.978,0.991,0.694,1.42795389048991,88.55,89.3,77.5,1.15225806451613,71.22,45.15,15.42,0,0
"345","SRR8528376",884385,846009,38376,75.8,95.8,13.5,19,7,12,0,0,0,750,704,46,2.899,2.854,3.896,0.732546201232033,90.93,92.05,73.91,1.24543363550264,68.13,50.53,37.73,28.67,4.27
"346","SRR8528379",915033,877341,37692,78.4,99.3,13.3,19,7,12,31,28,3,730,688,42,0.04,0.037,0.103,0.359223300970874,22.19,21.08,40.48,0.520750988142292,0.96,0,0,0,0
"347","SRR8528380",908850,873816,35034,77.9,98.9,12.3,19,7,12,18,17,1,738,702,36,1.659,1.678,1.193,1.40653813914501,96.07,96.44,88.89,1.08493643829452,85.09,67.07,37.13,0.14,0
"348","SRR8528381",803520,768063,35457,68.8,87,12.5,19,7,12,60,59,1,653,613,40,0.305,0.306,0.282,1.08510638297872,47.47,47.63,45,1.05844444444444,13.63,9.49,4.75,0,0
"349","SRR8528382",850866,815277,35589,72.9,92.3,12.5,19,7,12,1,0,0,742,699,43,4.64,4.633,4.794,0.966416353775553,79.51,80.11,69.77,1.14820123262147,67.92,63.88,59.3,51.08,12.8
"350","SRR8528384",917469,879066,38403,78.6,99.5,13.5,19,7,12,24,24,0,737,694,43,0.118,0.113,0.219,0.515981735159817,19.13,17.44,46.51,0.374973124059342,5.83,3.8,1.49,0,0
"351","SRR8528385",875340,843642,31698,75,95.5,11.2,19,7,12,9,9,0,741,704,37,3.745,3.74,3.871,0.966158615344872,95.68,95.6,97.3,0.982528263103803,86.77,77.19,68.29,33.2,5.8
"352","SRR8528388",839031,805509,33522,71.9,91.2,11.8,19,7,12,1,0,0,758,708,50,5.704,5.744,4.734,1.21335023236164,96.31,98.16,70,1.40228571428571,92.61,90.77,87.34,68.6,1.85
"353","SRR8528389",906870,869151,37719,77.7,98.4,13.3,19,7,12,31,27,4,731,691,40,0.045,0.043,0.08,0.5375,22.44,21.27,42.5,0.500470588235294,1.64,0,0,0,0
"354","SRR8528391",914154,878229,35925,78.3,99.4,12.7,19,7,12,30,28,2,735,693,42,0.044,0.042,0.1,0.42,25.44,24.68,38.1,0.647769028871391,1.09,0,0,0,0
"355","SRR8528394",865755,836151,29604,74.2,94.7,10.4,19,7,12,0,0,0,741,705,36,3.282,3.309,2.53,1.30790513833992,91.9,92.2,86.11,1.07072349320636,75.84,66.13,51.82,30.09,7.42
"356","SRR8528397",868974,836130,32844,74.5,94.7,11.6,19,7,12,0,0,0,745,705,40,2.969,3.005,2.073,1.44958996623251,63.09,63.4,57.5,1.10260869565217,56.64,52.08,44.56,29.26,4.56
"357","SRR8528398",881907,845592,36315,75.6,95.7,12.8,19,7,12,58,56,2,679,643,36,0.875,0.882,0.705,1.25106382978723,87.04,88.02,69.44,1.26756912442396,59.94,36.52,12.67,0,0
"358","SRR8528399",862050,829797,32253,73.9,94,11.4,19,7,12,0,0,0,741,702,39,3.063,3.073,2.803,1.09632536567963,87.45,87.75,82.05,1.06946983546618,75.98,61.27,42.78,31.17,6.48
"359","SRR8528400",913836,876147,37689,78.3,99.2,13.3,19,7,12,41,36,5,721,682,39,0.18,0.178,0.212,0.839622641509434,61.17,61.14,61.54,0.993500162495938,8.88,0,0,0,0
